Student,ID,SIS.User.ID,SIS.Login.ID,Root.Account,Section,Exam.1..4348457.,Exam.2..4348458.,Exam.3..4348459.,Exam.4..4348460.,YOUR.CHOICE....Citation.Manager..4348466.,YOUR.CHOICE....Critical.Book.Report.s...4348467.,YOUR.CHOICE....Zoo.Aquarium.Visit..4348483.,YOUR.CHOICE....Mauna.Loa.Observatory..4348473.,YOUR.CHOICE....Greenhouse.or.Herbarium.visit..4348470.,YOUR.CHOICE....Interviews..4348471.,YOUR.CHOICE....Final..4348469.,YOUR.CHOICE....Midterm..4348474.,YOUR.CHOICE....Antarctica..4348464.,YOUR.CHOICE....Cave.of.Forgotten.Dreams..4348465.,YOUR.CHOICE....Antibiotic.Resistance.Podcast..4519539.,Pre.Test..4348462.,Post.Test..4348461.,Actual.PreTest.Score...not.what.your.grade.is...4348454.,X1..Quiz.1..4348449.,X2..Quiz.2..4348450.,X3..Quiz.3..4348451.,X4..Quiz.4..4348452.,X5..Quiz.5..4348453.,X6..Quiz.6..4348444.,X7..Quiz.7..4348445.,X8..Quiz.8..4348448.,X9..Quiz.9..4348446.,X10..Quiz.10..4348447.,Your.Choice.Current.Points,Your.Choice.Final.Points,Your.Choice.Current.Score,Your.Choice.Unposted.Current.Score,Your.Choice.Final.Score,Your.Choice.Unposted.Final.Score,Exams.Current.Points,Exams.Final.Points,Exams.Current.Score,Exams.Unposted.Current.Score,Exams.Final.Score,Exams.Unposted.Final.Score,Pre..Post.Tests.Current.Points,Pre..Post.Tests.Final.Points,Pre..Post.Tests.Current.Score,Pre..Post.Tests.Unposted.Current.Score,Pre..Post.Tests.Final.Score,Pre..Post.Tests.Unposted.Final.Score,Quizzes.Current.Points,Quizzes.Final.Points,Quizzes.Current.Score,Quizzes.Unposted.Current.Score,Quizzes.Final.Score,Quizzes.Unposted.Final.Score,Bonus.Current.Points,Bonus.Final.Points,Bonus.Current.Score,Bonus.Unposted.Current.Score,Bonus.Final.Score,Bonus.Unposted.Final.Score,Current.Points,Final.Points,Current.Score,Unposted.Current.Score,Final.Score,Unposted.Final.Score
???,???,NA,,,,100,100,100,100,10,0,10,10,10,10,100,50,0,10,10,50,50,0,10,10,10,10,10,10,10,10,10,10,(read only),(read only),(read only),(read only),(read only),(read only),(read only),(read only),(read only),(read only),(read only),(read only),(read only),(read only),(read only),(read only),(read only),(read only),(read only),(read only),(read only),(read only),(read only),(read only),(read only),(read only),(read only),(read only),(read only),(read only),(read only),(read only),(read only),(read only),(read only),(read only)
???,???,461168,10564404,uvu.instructure.com,BIOL-1620-002,NA,NA,NA,NA,NA,NA,NA,NA,NA,NA,NA,NA,NA,NA,NA,NA,50,34,10,8,NA,NA,NA,NA,NA,NA,NA,NA,0.00,0.00,,,0.00,0.00,0.00,0.00,,,0.00,0.00,50.00,50.00,100.00,100.00,50.00,50.00,18.00,18.00,90.00,90.00,18.00,18.00,0.00,0.00,,,,,68.00,68.00,97.14,97.14,9.71,9.71
???,???,761087,10845394,uvu.instructure.com,BIOL-1620-002,NA,NA,NA,NA,NA,NA,NA,NA,NA,NA,NA,NA,NA,NA,NA,NA,50,24,NA,6,NA,NA,NA,NA,NA,NA,NA,NA,0.00,0.00,,,0.00,0.00,0.00,0.00,,,0.00,0.00,50.00,50.00,100.00,100.00,50.00,50.00,6.00,6.00,60.00,60.00,6.00,6.00,0.00,0.00,,,,,56.00,56.00,93.33,93.33,8.00,8.00
???,???,745474,10829939,uvu.instructure.com,BIOL-1620-002,NA,NA,NA,NA,NA,NA,NA,NA,NA,NA,NA,NA,NA,NA,NA,NA,50,18,6,4,NA,NA,NA,NA,NA,NA,NA,NA,0.00,0.00,,,0.00,0.00,0.00,0.00,,,0.00,0.00,50.00,50.00,100.00,100.00,50.00,50.00,10.00,10.00,50.00,50.00,10.00,10.00,0.00,0.00,,,,,60.00,60.00,85.71,85.71,8.57,8.57
???,???,449202,10552659,uvu.instructure.com,BIOL-1620-002,NA,NA,NA,NA,NA,NA,NA,NA,NA,NA,NA,NA,NA,NA,NA,NA,50,24,2,8,NA,NA,NA,NA,NA,NA,NA,NA,0.00,0.00,,,0.00,0.00,0.00,0.00,,,0.00,0.00,50.00,50.00,100.00,100.00,50.00,50.00,10.00,10.00,50.00,50.00,10.00,10.00,0.00,0.00,,,,,60.00,60.00,85.71,85.71,8.57,8.57
???,???,725095,10809838,uvu.instructure.com,BIOL-1620-002,NA,NA,NA,NA,NA,NA,NA,NA,NA,NA,NA,NA,NA,NA,NA,NA,50,26,6,8,NA,NA,NA,NA,NA,NA,NA,NA,0.00,0.00,,,0.00,0.00,0.00,0.00,,,0.00,0.00,50.00,50.00,100.00,100.00,50.00,50.00,14.00,14.00,70.00,70.00,14.00,14.00,0.00,0.00,,,,,64.00,64.00,91.43,91.43,9.14,9.14
???,???,594894,10695251,uvu.instructure.com,BIOL-1620-002,NA,NA,NA,NA,10,30,10,10,NA,NA,NA,NA,NA,NA,10,NA,50,16,4,6,NA,NA,NA,NA,NA,NA,NA,NA,0.00,0.00,,,0.00,0.00,0.00,0.00,,,0.00,0.00,50.00,50.00,100.00,100.00,50.00,50.00,10.00,10.00,50.00,50.00,10.00,10.00,0.00,0.00,,,,,60.00,60.00,85.71,85.71,8.57,8.57
???,???,772330,10856573,uvu.instructure.com,BIOL-1620-002,NA,NA,NA,NA,NA,NA,NA,NA,NA,NA,NA,NA,NA,NA,NA,NA,50,28,6,8,NA,NA,NA,NA,NA,NA,NA,NA,0.00,0.00,,,0.00,0.00,0.00,0.00,,,0.00,0.00,50.00,50.00,100.00,100.00,50.00,50.00,14.00,14.00,70.00,70.00,14.00,14.00,0.00,0.00,,,,,64.00,64.00,91.43,91.43,9.14,9.14
???,???,822209,10906077,uvu.instructure.com,BIOL-1620-002,NA,NA,NA,NA,NA,NA,NA,NA,NA,NA,NA,NA,NA,NA,NA,NA,50,26,NA,NA,NA,NA,NA,NA,NA,NA,NA,NA,0.00,0.00,,,0.00,0.00,0.00,0.00,,,0.00,0.00,50.00,50.00,100.00,100.00,50.00,50.00,0.00,0.00,,,0.00,0.00,0.00,0.00,,,,,50.00,50.00,100.00,100.00,7.14,7.14
???,???,659300,10746758,uvu.instructure.com,BIOL-1620-002,NA,NA,NA,NA,NA,NA,NA,NA,NA,NA,NA,NA,NA,NA,NA,NA,50,26,10,10,NA,NA,NA,NA,NA,NA,NA,NA,0.00,0.00,,,0.00,0.00,0.00,0.00,,,0.00,0.00,50.00,50.00,100.00,100.00,50.00,50.00,20.00,20.00,100.00,100.00,20.00,20.00,0.00,0.00,,,,,70.00,70.00,100.00,100.00,10.00,10.00
???,???,664375,10751823,uvu.instructure.com,BIOL-1620-002,NA,NA,NA,NA,NA,NA,NA,NA,NA,NA,NA,NA,NA,NA,NA,NA,50,14,6,6,NA,NA,NA,NA,NA,NA,NA,NA,0.00,0.00,,,0.00,0.00,0.00,0.00,,,0.00,0.00,50.00,50.00,100.00,100.00,50.00,50.00,12.00,12.00,60.00,60.00,12.00,12.00,0.00,0.00,,,,,62.00,62.00,88.57,88.57,8.86,8.86
???,???,785662,10869852,uvu.instructure.com,BIOL-1620-002,NA,NA,NA,NA,NA,NA,NA,NA,NA,NA,NA,NA,NA,NA,NA,NA,50,16,2,4,NA,NA,NA,NA,NA,NA,NA,NA,0.00,0.00,,,0.00,0.00,0.00,0.00,,,0.00,0.00,50.00,50.00,100.00,100.00,50.00,50.00,6.00,6.00,30.00,30.00,6.00,6.00,0.00,0.00,,,,,56.00,56.00,80.00,80.00,8.00,8.00
???,???,664494,10751942,uvu.instructure.com,BIOL-1620-002,NA,NA,NA,NA,NA,NA,NA,NA,NA,NA,NA,NA,NA,NA,NA,NA,50,14,6,10,NA,NA,NA,NA,NA,NA,NA,NA,0.00,0.00,,,0.00,0.00,0.00,0.00,,,0.00,0.00,50.00,50.00,100.00,100.00,50.00,50.00,16.00,16.00,80.00,80.00,16.00,16.00,0.00,0.00,,,,,66.00,66.00,94.29,94.29,9.43,9.43
???,???,620912,10720932,uvu.instructure.com,BIOL-1620-002,NA,NA,NA,NA,NA,NA,NA,NA,NA,NA,NA,NA,NA,NA,NA,NA,50,20,NA,NA,NA,NA,NA,NA,NA,NA,NA,NA,0.00,0.00,,,0.00,0.00,0.00,0.00,,,0.00,0.00,50.00,50.00,100.00,100.00,50.00,50.00,0.00,0.00,,,0.00,0.00,0.00,0.00,,,,,50.00,50.00,100.00,100.00,7.14,7.14
???,???,414616,10519529,uvu.instructure.com,BIOL-1620-002,NA,NA,NA,NA,NA,NA,NA,NA,NA,NA,NA,NA,NA,NA,10,NA,50,16,8,2,NA,NA,NA,NA,NA,NA,NA,NA,0.00,0.00,,,0.00,0.00,0.00,0.00,,,0.00,0.00,50.00,50.00,100.00,100.00,50.00,50.00,10.00,10.00,50.00,50.00,10.00,10.00,0.00,0.00,,,,,60.00,60.00,85.71,85.71,8.57,8.57
???,???,657362,10744826,uvu.instructure.com,BIOL-1620-002,NA,NA,NA,NA,NA,NA,NA,NA,NA,NA,NA,NA,NA,NA,NA,NA,50,16,10,10,NA,NA,NA,NA,NA,NA,NA,NA,0.00,0.00,,,0.00,0.00,0.00,0.00,,,0.00,0.00,50.00,50.00,100.00,100.00,50.00,50.00,20.00,20.00,100.00,100.00,20.00,20.00,0.00,0.00,,,,,70.00,70.00,100.00,100.00,10.00,10.00
???,???,803706,10887678,uvu.instructure.com,BIOL-1620-002,NA,NA,NA,NA,NA,NA,NA,NA,NA,NA,NA,NA,NA,NA,NA,NA,50,22,6,10,NA,NA,NA,NA,NA,NA,NA,NA,0.00,0.00,,,0.00,0.00,0.00,0.00,,,0.00,0.00,50.00,50.00,100.00,100.00,50.00,50.00,16.00,16.00,80.00,80.00,16.00,16.00,0.00,0.00,,,,,66.00,66.00,94.29,94.29,9.43,9.43
???,???,714083,10799329,uvu.instructure.com,BIOL-1620-002,NA,NA,NA,NA,NA,NA,NA,NA,NA,NA,NA,NA,NA,NA,NA,NA,50,32,10,10,NA,NA,NA,NA,NA,NA,NA,NA,0.00,0.00,,,0.00,0.00,0.00,0.00,,,0.00,0.00,50.00,50.00,100.00,100.00,50.00,50.00,20.00,20.00,100.00,100.00,20.00,20.00,0.00,0.00,,,,,70.00,70.00,100.00,100.00,10.00,10.00
???,???,514605,10617245,uvu.instructure.com,BIOL-1620-002,NA,NA,NA,NA,NA,NA,NA,NA,NA,NA,NA,NA,NA,NA,NA,NA,50,20,8,6,NA,NA,NA,NA,NA,NA,NA,NA,0.00,0.00,,,0.00,0.00,0.00,0.00,,,0.00,0.00,50.00,50.00,100.00,100.00,50.00,50.00,14.00,14.00,70.00,70.00,14.00,14.00,0.00,0.00,,,,,64.00,64.00,91.43,91.43,9.14,9.14
???,???,621374,10721394,uvu.instructure.com,BIOL-1620-002,NA,NA,NA,NA,NA,NA,NA,NA,NA,NA,NA,NA,NA,NA,NA,NA,50,24,8,8,NA,NA,NA,NA,NA,NA,NA,NA,0.00,0.00,,,0.00,0.00,0.00,0.00,,,0.00,0.00,50.00,50.00,100.00,100.00,50.00,50.00,16.00,16.00,80.00,80.00,16.00,16.00,0.00,0.00,,,,,66.00,66.00,94.29,94.29,9.43,9.43
???,???,638598,10735857,uvu.instructure.com,BIOL-1620-002,NA,NA,NA,NA,NA,NA,NA,NA,NA,NA,NA,NA,NA,NA,NA,NA,50,26,2,10,NA,NA,NA,NA,NA,NA,NA,NA,0.00,0.00,,,0.00,0.00,0.00,0.00,,,0.00,0.00,50.00,50.00,100.00,100.00,50.00,50.00,12.00,12.00,60.00,60.00,12.00,12.00,0.00,0.00,,,,,62.00,62.00,88.57,88.57,8.86,8.86
???,???,632328,10732150,uvu.instructure.com,BIOL-1620-002,NA,NA,NA,NA,NA,NA,NA,NA,NA,NA,NA,NA,NA,NA,NA,NA,50,22,8,8,NA,NA,NA,NA,NA,NA,NA,NA,0.00,0.00,,,0.00,0.00,0.00,0.00,,,0.00,0.00,50.00,50.00,100.00,100.00,50.00,50.00,16.00,16.00,80.00,80.00,16.00,16.00,0.00,0.00,,,,,66.00,66.00,94.29,94.29,9.43,9.43
???,???,787731,10871910,uvu.instructure.com,BIOL-1620-002,NA,NA,NA,NA,NA,NA,10,NA,NA,NA,NA,NA,NA,NA,NA,NA,50,26,6,10,NA,NA,NA,NA,NA,NA,NA,NA,0.00,0.00,,,0.00,0.00,0.00,0.00,,,0.00,0.00,50.00,50.00,100.00,100.00,50.00,50.00,16.00,16.00,80.00,80.00,16.00,16.00,0.00,0.00,,,,,66.00,66.00,94.29,94.29,9.43,9.43
???,???,448658,10552138,uvu.instructure.com,BIOL-1620-002,NA,NA,NA,NA,NA,NA,NA,NA,NA,NA,NA,NA,NA,NA,NA,NA,50,10,4,4,NA,NA,NA,NA,NA,NA,NA,NA,0.00,0.00,,,0.00,0.00,0.00,0.00,,,0.00,0.00,50.00,50.00,100.00,100.00,50.00,50.00,8.00,8.00,40.00,40.00,8.00,8.00,0.00,0.00,,,,,58.00,58.00,82.86,82.86,8.29,8.29
???,???,759165,10843519,uvu.instructure.com,BIOL-1620-002,NA,NA,NA,NA,NA,NA,NA,NA,NA,NA,NA,NA,NA,NA,NA,NA,50,26,8,6,NA,NA,NA,NA,NA,NA,NA,NA,0.00,0.00,,,0.00,0.00,0.00,0.00,,,0.00,0.00,50.00,50.00,100.00,100.00,50.00,50.00,14.00,14.00,70.00,70.00,14.00,14.00,0.00,0.00,,,,,64.00,64.00,91.43,91.43,9.14,9.14
???,???,769414,10853689,uvu.instructure.com,BIOL-1620-002,NA,NA,NA,NA,NA,NA,NA,NA,NA,NA,NA,NA,NA,NA,NA,NA,50,32,8,10,NA,NA,NA,NA,NA,NA,NA,NA,0.00,0.00,,,0.00,0.00,0.00,0.00,,,0.00,0.00,50.00,50.00,100.00,100.00,50.00,50.00,18.00,18.00,90.00,90.00,18.00,18.00,0.00,0.00,,,,,68.00,68.00,97.14,97.14,9.71,9.71
???,???,687898,10775036,uvu.instructure.com,BIOL-1620-002,NA,NA,NA,NA,NA,NA,NA,NA,NA,NA,NA,NA,NA,NA,NA,NA,50,20,8,10,NA,NA,NA,NA,NA,NA,NA,NA,0.00,0.00,,,0.00,0.00,0.00,0.00,,,0.00,0.00,50.00,50.00,100.00,100.00,50.00,50.00,18.00,18.00,90.00,90.00,18.00,18.00,0.00,0.00,,,,,68.00,68.00,97.14,97.14,9.71,9.71
???,???,522634,10625035,uvu.instructure.com,BIOL-1620-002,NA,NA,NA,NA,NA,NA,NA,NA,NA,NA,NA,NA,NA,NA,NA,NA,50,20,NA,2,NA,NA,NA,NA,NA,NA,NA,NA,0.00,0.00,,,0.00,0.00,0.00,0.00,,,0.00,0.00,50.00,50.00,100.00,100.00,50.00,50.00,2.00,2.00,20.00,20.00,2.00,2.00,0.00,0.00,,,,,52.00,52.00,86.67,86.67,7.43,7.43
???,???,752630,10836996,uvu.instructure.com,BIOL-1620-002,NA,NA,NA,NA,NA,NA,NA,NA,NA,NA,NA,NA,NA,NA,NA,NA,50,32,NA,8,NA,NA,NA,NA,NA,NA,NA,NA,0.00,0.00,,,0.00,0.00,0.00,0.00,,,0.00,0.00,50.00,50.00,100.00,100.00,50.00,50.00,8.00,8.00,80.00,80.00,8.00,8.00,0.00,0.00,,,,,58.00,58.00,96.67,96.67,8.29,8.29
???,???,759733,10844080,uvu.instructure.com,BIOL-1620-002,NA,NA,NA,NA,NA,NA,NA,NA,NA,NA,NA,NA,NA,NA,NA,NA,50,30,6,10,NA,NA,NA,NA,NA,NA,NA,NA,0.00,0.00,,,0.00,0.00,0.00,0.00,,,0.00,0.00,50.00,50.00,100.00,100.00,50.00,50.00,16.00,16.00,80.00,80.00,16.00,16.00,0.00,0.00,,,,,66.00,66.00,94.29,94.29,9.43,9.43
???,???,670422,10757871,uvu.instructure.com,BIOL-1620-002,NA,NA,NA,NA,NA,NA,NA,NA,NA,NA,NA,NA,NA,NA,NA,NA,50,14,6,8,NA,NA,NA,NA,NA,NA,NA,NA,0.00,0.00,,,0.00,0.00,0.00,0.00,,,0.00,0.00,50.00,50.00,100.00,100.00,50.00,50.00,14.00,14.00,70.00,70.00,14.00,14.00,0.00,0.00,,,,,64.00,64.00,91.43,91.43,9.14,9.14
???,???,697826,10784498,uvu.instructure.com,BIOL-1620-002,NA,NA,NA,NA,NA,NA,NA,NA,NA,NA,NA,NA,NA,NA,NA,NA,50,20,4,8,NA,NA,NA,NA,NA,NA,NA,NA,0.00,0.00,,,0.00,0.00,0.00,0.00,,,0.00,0.00,50.00,50.00,100.00,100.00,50.00,50.00,12.00,12.00,60.00,60.00,12.00,12.00,0.00,0.00,,,,,62.00,62.00,88.57,88.57,8.86,8.86
???,???,656036,10743520,uvu.instructure.com,BIOL-1620-002,NA,NA,NA,NA,NA,NA,NA,NA,NA,NA,NA,NA,NA,NA,NA,NA,50,16,2,10,NA,NA,NA,NA,NA,NA,NA,NA,0.00,0.00,,,0.00,0.00,0.00,0.00,,,0.00,0.00,50.00,50.00,100.00,100.00,50.00,50.00,12.00,12.00,60.00,60.00,12.00,12.00,0.00,0.00,,,,,62.00,62.00,88.57,88.57,8.86,8.86
???,???,654709,10742197,uvu.instructure.com,BIOL-1620-002,NA,NA,NA,NA,NA,NA,NA,NA,NA,NA,NA,NA,NA,NA,NA,NA,50,16,4,8,NA,NA,NA,NA,NA,NA,NA,NA,0.00,0.00,,,0.00,0.00,0.00,0.00,,,0.00,0.00,50.00,50.00,100.00,100.00,50.00,50.00,12.00,12.00,60.00,60.00,12.00,12.00,0.00,0.00,,,,,62.00,62.00,88.57,88.57,8.86,8.86
???,???,601210,10701865,uvu.instructure.com,BIOL-1620-002,NA,NA,NA,NA,NA,NA,NA,NA,NA,NA,NA,NA,NA,NA,NA,NA,50,22,4,6,NA,NA,NA,NA,NA,NA,NA,NA,0.00,0.00,,,0.00,0.00,0.00,0.00,,,0.00,0.00,50.00,50.00,100.00,100.00,50.00,50.00,10.00,10.00,50.00,50.00,10.00,10.00,0.00,0.00,,,,,60.00,60.00,85.71,85.71,8.57,8.57
???,???,596933,10697372,uvu.instructure.com,BIOL-1620-002,NA,NA,NA,NA,NA,NA,NA,NA,NA,NA,NA,NA,NA,NA,NA,NA,50,26,6,10,NA,NA,NA,NA,NA,NA,NA,NA,0.00,0.00,,,0.00,0.00,0.00,0.00,,,0.00,0.00,50.00,50.00,100.00,100.00,50.00,50.00,16.00,16.00,80.00,80.00,16.00,16.00,0.00,0.00,,,,,66.00,66.00,94.29,94.29,9.43,9.43
???,???,689854,10776585,uvu.instructure.com,BIOL-1620-002,NA,NA,NA,NA,NA,NA,NA,NA,NA,NA,NA,NA,NA,NA,NA,NA,50,22,8,10,NA,NA,NA,NA,NA,NA,NA,NA,0.00,0.00,,,0.00,0.00,0.00,0.00,,,0.00,0.00,50.00,50.00,100.00,100.00,50.00,50.00,18.00,18.00,90.00,90.00,18.00,18.00,0.00,0.00,,,,,68.00,68.00,97.14,97.14,9.71,9.71
???,???,633910,10733408,uvu.instructure.com,BIOL-1620-002,NA,NA,NA,NA,10,NA,NA,NA,NA,NA,NA,NA,NA,NA,10,NA,50,32,10,10,NA,NA,NA,NA,NA,NA,NA,NA,0.00,0.00,,,0.00,0.00,0.00,0.00,,,0.00,0.00,50.00,50.00,100.00,100.00,50.00,50.00,20.00,20.00,100.00,100.00,20.00,20.00,0.00,0.00,,,,,70.00,70.00,100.00,100.00,10.00,10.00
???,???,543100,10645434,uvu.instructure.com,BIOL-1620-002,NA,NA,NA,NA,NA,NA,NA,NA,NA,NA,NA,NA,NA,NA,NA,NA,50,34,4,6,NA,NA,NA,NA,NA,NA,NA,NA,0.00,0.00,,,0.00,0.00,0.00,0.00,,,0.00,0.00,50.00,50.00,100.00,100.00,50.00,50.00,10.00,10.00,50.00,50.00,10.00,10.00,0.00,0.00,,,,,60.00,60.00,85.71,85.71,8.57,8.57
???,???,823934,10907798,uvu.instructure.com,BIOL-1620-002,NA,NA,NA,NA,NA,NA,NA,NA,NA,NA,NA,NA,NA,NA,NA,NA,50,30,8,8,NA,NA,NA,NA,NA,NA,NA,NA,0.00,0.00,,,0.00,0.00,0.00,0.00,,,0.00,0.00,50.00,50.00,100.00,100.00,50.00,50.00,16.00,16.00,80.00,80.00,16.00,16.00,0.00,0.00,,,,,66.00,66.00,94.29,94.29,9.43,9.43
???,???,735352,10820086,uvu.instructure.com,BIOL-1620-002,NA,NA,NA,NA,NA,NA,NA,NA,NA,NA,NA,NA,NA,NA,NA,NA,50,30,NA,4,NA,NA,NA,NA,NA,NA,NA,NA,0.00,0.00,,,0.00,0.00,0.00,0.00,,,0.00,0.00,50.00,50.00,100.00,100.00,50.00,50.00,4.00,4.00,40.00,40.00,4.00,4.00,0.00,0.00,,,,,54.00,54.00,90.00,90.00,7.71,7.71
???,???,728727,10813476,uvu.instructure.com,BIOL-1620-002,NA,NA,NA,NA,NA,NA,10,NA,NA,NA,NA,NA,NA,NA,NA,NA,50,26,10,6,NA,NA,NA,NA,NA,NA,NA,NA,0.00,0.00,,,0.00,0.00,0.00,0.00,,,0.00,0.00,50.00,50.00,100.00,100.00,50.00,50.00,16.00,16.00,80.00,80.00,16.00,16.00,0.00,0.00,,,,,66.00,66.00,94.29,94.29,9.43,9.43
???,???,784618,10868807,uvu.instructure.com,BIOL-1620-002,NA,NA,NA,NA,NA,NA,NA,NA,NA,NA,NA,NA,NA,NA,NA,NA,50,24,4,10,NA,NA,NA,NA,NA,NA,NA,NA,0.00,0.00,,,0.00,0.00,0.00,0.00,,,0.00,0.00,50.00,50.00,100.00,100.00,50.00,50.00,14.00,14.00,70.00,70.00,14.00,14.00,0.00,0.00,,,,,64.00,64.00,91.43,91.43,9.14,9.14
???,???,741884,10826393,uvu.instructure.com,BIOL-1620-002,NA,NA,NA,NA,NA,NA,NA,NA,NA,NA,NA,NA,NA,NA,NA,NA,0,0,NA,NA,NA,NA,NA,NA,NA,NA,NA,NA,0.00,0.00,,,0.00,0.00,0.00,0.00,,,0.00,0.00,0.00,0.00,0.00,0.00,0.00,0.00,0.00,0.00,,,0.00,0.00,0.00,0.00,,,,,0.00,0.00,0.00,0.00,0.00,0.00
???,???,709221,10795420,uvu.instructure.com,BIOL-1620-002,NA,NA,NA,NA,NA,NA,NA,NA,10,NA,NA,NA,NA,NA,NA,NA,50,18,NA,8,NA,NA,NA,NA,NA,NA,NA,NA,0.00,0.00,,,0.00,0.00,0.00,0.00,,,0.00,0.00,50.00,50.00,100.00,100.00,50.00,50.00,8.00,8.00,80.00,80.00,8.00,8.00,0.00,0.00,,,,,58.00,58.00,96.67,96.67,8.29,8.29
???,???,724898,10809641,uvu.instructure.com,BIOL-1620-002,NA,NA,NA,NA,NA,NA,NA,NA,NA,NA,NA,NA,NA,NA,NA,NA,50,30,NA,6,NA,NA,NA,NA,NA,NA,NA,NA,0.00,0.00,,,0.00,0.00,0.00,0.00,,,0.00,0.00,50.00,50.00,100.00,100.00,50.00,50.00,6.00,6.00,60.00,60.00,6.00,6.00,0.00,0.00,,,,,56.00,56.00,93.33,93.33,8.00,8.00
???,???,805038,10889007,uvu.instructure.com,BIOL-1620-002,NA,NA,NA,NA,NA,NA,NA,NA,10,20,NA,NA,NA,NA,NA,NA,50,30,6,10,NA,NA,NA,NA,NA,NA,NA,NA,0.00,0.00,,,0.00,0.00,0.00,0.00,,,0.00,0.00,50.00,50.00,100.00,100.00,50.00,50.00,16.00,16.00,80.00,80.00,16.00,16.00,0.00,0.00,,,,,66.00,66.00,94.29,94.29,9.43,9.43
???,???,628087,10728050,uvu.instructure.com,BIOL-1620-002,NA,NA,NA,NA,NA,NA,NA,NA,NA,NA,NA,NA,NA,NA,NA,NA,50,16,6,8,NA,NA,NA,NA,NA,NA,NA,NA,0.00,0.00,,,0.00,0.00,0.00,0.00,,,0.00,0.00,50.00,50.00,100.00,100.00,50.00,50.00,14.00,14.00,70.00,70.00,14.00,14.00,0.00,0.00,,,,,64.00,64.00,91.43,91.43,9.14,9.14
???,???,515264,10617887,uvu.instructure.com,BIOL-1620-002,NA,NA,NA,NA,NA,NA,NA,NA,NA,NA,NA,NA,NA,NA,NA,NA,50,30,4,10,NA,NA,NA,NA,NA,NA,NA,NA,0.00,0.00,,,0.00,0.00,0.00,0.00,,,0.00,0.00,50.00,50.00,100.00,100.00,50.00,50.00,14.00,14.00,70.00,70.00,14.00,14.00,0.00,0.00,,,,,64.00,64.00,91.43,91.43,9.14,9.14
???,???,739040,10823548,uvu.instructure.com,BIOL-1620-002,NA,NA,NA,NA,NA,NA,NA,NA,NA,NA,NA,NA,NA,NA,NA,NA,50,20,2,8,NA,NA,NA,NA,NA,NA,NA,NA,0.00,0.00,,,0.00,0.00,0.00,0.00,,,0.00,0.00,50.00,50.00,100.00,100.00,50.00,50.00,10.00,10.00,50.00,50.00,10.00,10.00,0.00,0.00,,,,,60.00,60.00,85.71,85.71,8.57,8.57
???,???,784956,10869145,uvu.instructure.com,BIOL-1620-002,NA,NA,NA,NA,NA,NA,NA,NA,NA,NA,NA,NA,NA,NA,NA,NA,50,24,8,10,NA,NA,NA,NA,NA,NA,NA,NA,0.00,0.00,,,0.00,0.00,0.00,0.00,,,0.00,0.00,50.00,50.00,100.00,100.00,50.00,50.00,18.00,18.00,90.00,90.00,18.00,18.00,0.00,0.00,,,,,68.00,68.00,97.14,97.14,9.71,9.71
???,???,667198,10754646,uvu.instructure.com,BIOL-1620-002,NA,NA,NA,NA,NA,NA,NA,NA,NA,NA,NA,NA,NA,NA,NA,NA,50,24,4,10,NA,NA,NA,NA,NA,NA,NA,NA,0.00,0.00,,,0.00,0.00,0.00,0.00,,,0.00,0.00,50.00,50.00,100.00,100.00,50.00,50.00,14.00,14.00,70.00,70.00,14.00,14.00,0.00,0.00,,,,,64.00,64.00,91.43,91.43,9.14,9.14
???,???,636075,10735072,uvu.instructure.com,BIOL-1620-002,NA,NA,NA,NA,NA,NA,NA,NA,10,NA,NA,NA,NA,NA,10,NA,50,20,6,4,NA,NA,NA,NA,NA,NA,NA,NA,0.00,0.00,,,0.00,0.00,0.00,0.00,,,0.00,0.00,50.00,50.00,100.00,100.00,50.00,50.00,10.00,10.00,50.00,50.00,10.00,10.00,0.00,0.00,,,,,60.00,60.00,85.71,85.71,8.57,8.57
???,???,624278,10724298,uvu.instructure.com,BIOL-1620-002,NA,NA,NA,NA,NA,NA,NA,NA,NA,NA,NA,NA,NA,NA,NA,NA,50,28,NA,8,NA,NA,NA,NA,NA,NA,NA,NA,0.00,0.00,,,0.00,0.00,0.00,0.00,,,0.00,0.00,50.00,50.00,100.00,100.00,50.00,50.00,8.00,8.00,80.00,80.00,8.00,8.00,0.00,0.00,,,,,58.00,58.00,96.67,96.67,8.29,8.29
???,???,729347,10814096,uvu.instructure.com,BIOL-1620-002,NA,NA,NA,NA,NA,NA,NA,NA,NA,NA,NA,NA,NA,NA,NA,NA,50,12,6,NA,NA,NA,NA,NA,NA,NA,NA,NA,0.00,0.00,,,0.00,0.00,0.00,0.00,,,0.00,0.00,50.00,50.00,100.00,100.00,50.00,50.00,6.00,6.00,60.00,60.00,6.00,6.00,0.00,0.00,,,,,56.00,56.00,93.33,93.33,8.00,8.00
???,???,690125,10776856,uvu.instructure.com,BIOL-1620-002,NA,NA,NA,NA,NA,NA,NA,NA,NA,NA,NA,NA,NA,NA,NA,NA,50,28,2,6,NA,NA,NA,NA,NA,NA,NA,NA,0.00,0.00,,,0.00,0.00,0.00,0.00,,,0.00,0.00,50.00,50.00,100.00,100.00,50.00,50.00,8.00,8.00,40.00,40.00,8.00,8.00,0.00,0.00,,,,,58.00,58.00,82.86,82.86,8.29,8.29
???,???,558021,10660097,uvu.instructure.com,BIOL-1620-002,NA,NA,NA,NA,NA,NA,NA,NA,NA,NA,NA,NA,NA,NA,NA,NA,50,16,2,6,NA,NA,NA,NA,NA,NA,NA,NA,0.00,0.00,,,0.00,0.00,0.00,0.00,,,0.00,0.00,50.00,50.00,100.00,100.00,50.00,50.00,8.00,8.00,40.00,40.00,8.00,8.00,0.00,0.00,,,,,58.00,58.00,82.86,82.86,8.29,8.29
???,???,786856,10871035,uvu.instructure.com,BIOL-1620-002,NA,NA,NA,NA,NA,NA,NA,NA,NA,NA,NA,NA,NA,NA,NA,NA,50,20,2,NA,NA,NA,NA,NA,NA,NA,NA,NA,0.00,0.00,,,0.00,0.00,0.00,0.00,,,0.00,0.00,50.00,50.00,100.00,100.00,50.00,50.00,2.00,2.00,20.00,20.00,2.00,2.00,0.00,0.00,,,,,52.00,52.00,86.67,86.67,7.43,7.43
???,???,759634,10843986,uvu.instructure.com,BIOL-1620-002,NA,NA,NA,NA,NA,NA,NA,NA,NA,NA,NA,NA,NA,NA,NA,NA,50,28,NA,10,NA,NA,NA,NA,NA,NA,NA,NA,0.00,0.00,,,0.00,0.00,0.00,0.00,,,0.00,0.00,50.00,50.00,100.00,100.00,50.00,50.00,10.00,10.00,100.00,100.00,10.00,10.00,0.00,0.00,,,,,60.00,60.00,100.00,100.00,8.57,8.57
???,???,619586,10719606,uvu.instructure.com,BIOL-1620-002,NA,NA,NA,NA,NA,NA,10,10,NA,NA,NA,NA,NA,NA,10,NA,50,30,NA,10,NA,NA,NA,NA,NA,NA,NA,NA,0.00,0.00,,,0.00,0.00,0.00,0.00,,,0.00,0.00,50.00,50.00,100.00,100.00,50.00,50.00,10.00,10.00,100.00,100.00,10.00,10.00,0.00,0.00,,,,,60.00,60.00,100.00,100.00,8.57,8.57
???,???,751466,10835843,uvu.instructure.com,BIOL-1620-002,NA,NA,NA,NA,NA,NA,NA,NA,NA,NA,NA,NA,NA,NA,NA,NA,50,18,4,10,NA,NA,NA,NA,NA,NA,NA,NA,0.00,0.00,,,0.00,0.00,0.00,0.00,,,0.00,0.00,50.00,50.00,100.00,100.00,50.00,50.00,14.00,14.00,70.00,70.00,14.00,14.00,0.00,0.00,,,,,64.00,64.00,91.43,91.43,9.14,9.14
???,???,502168,10604645,uvu.instructure.com,BIOL-1620-002,NA,NA,NA,NA,NA,NA,NA,NA,NA,NA,NA,NA,NA,NA,NA,NA,50,18,NA,8,NA,NA,NA,NA,NA,NA,NA,NA,0.00,0.00,,,0.00,0.00,0.00,0.00,,,0.00,0.00,50.00,50.00,100.00,100.00,50.00,50.00,8.00,8.00,80.00,80.00,8.00,8.00,0.00,0.00,,,,,58.00,58.00,96.67,96.67,8.29,8.29
???,???,711462,10797654,uvu.instructure.com,BIOL-1620-002,NA,NA,NA,NA,NA,NA,NA,NA,NA,NA,NA,NA,NA,NA,NA,NA,50,16,4,10,NA,NA,NA,NA,NA,NA,NA,NA,0.00,0.00,,,0.00,0.00,0.00,0.00,,,0.00,0.00,50.00,50.00,100.00,100.00,50.00,50.00,14.00,14.00,70.00,70.00,14.00,14.00,0.00,0.00,,,,,64.00,64.00,91.43,91.43,9.14,9.14
???,???,682209,10769391,uvu.instructure.com,BIOL-1620-002,NA,NA,NA,NA,NA,NA,NA,NA,NA,NA,NA,NA,NA,NA,NA,NA,50,20,8,10,NA,NA,NA,NA,NA,NA,NA,NA,0.00,0.00,,,0.00,0.00,0.00,0.00,,,0.00,0.00,50.00,50.00,100.00,100.00,50.00,50.00,18.00,18.00,90.00,90.00,18.00,18.00,0.00,0.00,,,,,68.00,68.00,97.14,97.14,9.71,9.71
???,???,751111,10835489,uvu.instructure.com,BIOL-1620-002,NA,NA,NA,NA,NA,NA,NA,NA,NA,NA,NA,NA,NA,NA,10,NA,50,18,4,8,NA,NA,NA,NA,NA,NA,NA,NA,0.00,0.00,,,0.00,0.00,0.00,0.00,,,0.00,0.00,50.00,50.00,100.00,100.00,50.00,50.00,12.00,12.00,60.00,60.00,12.00,12.00,0.00,0.00,,,,,62.00,62.00,88.57,88.57,8.86,8.86
???,???,750780,10835161,uvu.instructure.com,BIOL-1620-002,NA,NA,NA,NA,NA,30,NA,NA,NA,NA,NA,NA,NA,NA,10,NA,50,20,8,10,NA,NA,NA,NA,NA,NA,NA,NA,0.00,0.00,,,0.00,0.00,0.00,0.00,,,0.00,0.00,50.00,50.00,100.00,100.00,50.00,50.00,18.00,18.00,90.00,90.00,18.00,18.00,0.00,0.00,,,,,68.00,68.00,97.14,97.14,9.71,9.71
???,???,721284,10806029,uvu.instructure.com,BIOL-1620-002,NA,NA,NA,NA,NA,NA,NA,NA,NA,NA,NA,NA,NA,NA,NA,NA,50,20,2,8,NA,NA,NA,NA,NA,NA,NA,NA,0.00,0.00,,,0.00,0.00,0.00,0.00,,,0.00,0.00,50.00,50.00,100.00,100.00,50.00,50.00,10.00,10.00,50.00,50.00,10.00,10.00,0.00,0.00,,,,,60.00,60.00,85.71,85.71,8.57,8.57
???,???,NA,68cdd5368a8b2325df43315e3abe888ed265bdd6,uvu.instructure.com,BIOL-1620-002,NA,NA,NA,NA,NA,NA,NA,NA,NA,NA,NA,NA,NA,NA,NA,NA,0,0,NA,NA,NA,NA,NA,NA,NA,NA,NA,NA,0.00,0.00,,,0.00,0.00,0.00,0.00,,,0.00,0.00,0.00,0.00,0.00,0.00,0.00,0.00,0.00,0.00,,,0.00,0.00,0.00,0.00,,,,,0.00,0.00,0.00,0.00,0.00,0.00
