Predator_individual_number,Predator_order,Predator_family,Predator_species,Predator_development_stage,Predator_body_length_[mm,_measured],Predator_body_mass_[mg,_calculated]_,Predator_sex,Study_site,Collection_date,Consumption_prey_Araneae,Consumption_prey_Diptera,Consumption_prey_Gamasidae,Consumption_prey_Isopoda,Consumption_prey_Lumbricidae,Consumption_prey_Oribatida,Consumption_prey_Staphylinidae,Consumption_prey_Collembola,Consumption_prey_Ceratophysella_denticulata,Consumption_prey_Folsomia_quadrioculata,Consumption_prey_Lepidocyrtus_lanuginosus,Consumption_prey_Protaphorura_armata,Consumption_prey_Pogonognathellus_longicornis,Consumption_prey_Lithobiidae
1895,Lithobiomorpha,Lithobiidae,Lithobius_mutabilis,adult,10,12.23742378,male,HEW10,8.10.2009,0,1,0,0,0,0,0,0,NA,NA,NA,NA,NA,NA,,
1897,Lithobiomorpha,Lithobiidae,Lithobius_aulacopus,subadult,5,2.437475925,male,HEW10,8.10.2009,0,0,1,0,0,0,0,0,NA,NA,NA,NA,NA,NA,,
1898,Lithobiomorpha,Lithobiidae,Lithobius_sp,subadult,7,5.334614259,male,HEW10,8.10.2009,0,0,0,0,0,0,0,0,NA,NA,NA,NA,NA,NA,,
1899,Lithobiomorpha,Lithobiidae,Lithobius_mutabilis,subadult,9,9.575773902,male,HEW10,8.10.2009,1,0,0,0,0,0,0,1,0,0,0,0,0,NA,,
1900,Lithobiomorpha,Lithobiidae,Lithobius_mutabilis,adult,10,12.23742378,female,HEW10,8.10.2009,0,0,0,0,0,0,0,0,NA,NA,NA,NA,NA,NA,,
1901,Lithobiomorpha,Lithobiidae,Lithobius_sp,subadult,5,2.437475925,NA,HEW10,8.10.2009,0,0,1,0,0,0,0,1,0,1,0,0,0,NA,,
1902,Lithobiomorpha,Lithobiidae,Lithobius_mutabilis,subadult,8,7.279457173,male,HEW10,8.10.2009,0,0,0,1,0,0,0,1,0,1,0,0,0,NA,,
1903,Lithobiomorpha,Lithobiidae,Lithobius_sp,subadult,5,2.437475925,NA,HEW10,8.10.2009,0,0,0,0,0,0,0,1,0,0,0,0,0,NA,,
1905,Lithobiomorpha,Lithobiidae,Lithobius_sp,subadult,5,2.437475925,NA,HEW10,8.10.2009,0,0,0,0,0,0,0,1,0,0,1,0,0,NA,,
1907,Lithobiomorpha,Lithobiidae,Lithobius_aulacopus,subadult,7,5.334614259,male,HEW10,8.10.2009,0,0,0,0,0,0,0,0,NA,NA,NA,NA,NA,NA,,
1966,Lithobiomorpha,Lithobiidae,Lithobius_sp,subadult,5,2.437475925,NA,HEW11,8.10.2009,0,0,0,0,0,0,0,1,0,0,0,0,0,NA,,
1967,Lithobiomorpha,Lithobiidae,Lithobius_crassipes,adult,9,9.575773902,male,HEW11,8.10.2009,0,0,0,0,0,0,0,0,NA,NA,NA,NA,NA,NA,,
1968,Lithobiomorpha,Lithobiidae,Lithobius_sp,subadult,5,2.437475925,NA,HEW11,8.10.2009,0,0,0,0,0,0,0,0,NA,NA,NA,NA,NA,NA,,
1969,Lithobiomorpha,Lithobiidae,Lithobius_sp,subadult,5,2.437475925,NA,HEW11,8.10.2009,0,0,0,0,0,0,0,0,NA,NA,NA,NA,NA,NA,,
1970,Lithobiomorpha,Lithobiidae,Lithobius_mutabilis,subadult,7,5.334614259,female,HEW11,8.10.2009,0,0,0,0,0,0,0,0,NA,NA,NA,NA,NA,NA,,
1971,Lithobiomorpha,Lithobiidae,Lithobius_crassipes,adult,7,5.334614259,female,HEW11,8.10.2009,0,0,0,0,0,0,0,1,0,0,0,0,0,NA,,
1973,Lithobiomorpha,Lithobiidae,Lithobius_sp,subadult,5,2.437475925,NA,HEW11,8.10.2009,0,0,0,0,0,0,0,1,0,0,0,0,1,NA,,
1974,Lithobiomorpha,Lithobiidae,Lithobius_crassipes,adult,8,7.279457173,female,HEW11,8.10.2009,1,0,0,0,0,0,0,0,NA,NA,NA,NA,NA,NA,,
1975,Lithobiomorpha,Lithobiidae,Lithobius_sp,subadult,5,2.437475925,NA,HEW11,8.10.2009,0,0,0,0,0,0,0,0,NA,NA,NA,NA,NA,NA,,
1977,Lithobiomorpha,Lithobiidae,Lithobius_mutabilis,subadult,8,7.279457173,male,HEW11,8.10.2009,0,0,1,0,0,0,0,1,0,0,0,0,0,NA,,
1978,Lithobiomorpha,Lithobiidae,Lithobius_mutabilis,adult,11,15.27726276,male,HEW11,8.10.2009,0,0,0,0,0,0,0,0,NA,NA,NA,NA,NA,NA,,
1979,Lithobiomorpha,Lithobiidae,Lithobius_mutabilis,adult,10,12.23742378,male,HEW11,8.10.2009,0,0,0,0,0,0,0,0,NA,NA,NA,NA,NA,NA,,
1981,Lithobiomorpha,Lithobiidae,Lithobius_mutabilis,subadult,8,7.279457173,male,HEW11,8.10.2009,0,0,0,0,0,0,0,1,0,0,0,0,0,NA,,
2076,Lithobiomorpha,Lithobiidae,Lithobius_crassipes,adult,8,7.279457173,male,HEW12,8.10.2009,0,1,1,0,0,0,0,1,NA,NA,NA,NA,NA,NA,,
2077,Lithobiomorpha,Lithobiidae,Lithobius_crassipes,adult,8,7.279457173,female,HEW12,8.10.2009,0,0,0,0,0,0,0,1,0,1,0,0,0,NA,,
2078,Lithobiomorpha,Lithobiidae,Lithobius_mutabilis,adult,12,18.70730693,female,HEW12,8.10.2009,0,1,0,0,0,0,0,0,NA,NA,NA,NA,NA,NA,,
2079,Lithobiomorpha,Lithobiidae,Lithobius_mutabilis,adult,10,12.23742378,female,HEW12,8.10.2009,0,0,0,0,0,0,0,1,NA,NA,NA,NA,NA,NA,,
2081,Lithobiomorpha,Lithobiidae,Lithobius_nodulipes,adult,9,9.575773902,male,HEW12,8.10.2009,0,0,0,1,0,0,0,1,0,0,0,0,0,NA,,
2082,Lithobiomorpha,Lithobiidae,Lithobius_sp,subadult,5,2.437475925,NA,HEW12,8.10.2009,0,1,0,0,0,0,0,1,0,0,0,0,0,NA,,
2083,Lithobiomorpha,Lithobiidae,Lithobius_mutabilis,adult,11,15.27726276,male,HEW12,8.10.2009,0,0,0,0,0,0,0,1,0,0,0,0,0,NA,,
2084,Lithobiomorpha,Lithobiidae,Lithobius_crassipes,adult,9,9.575773902,male,HEW12,8.10.2009,0,0,0,0,0,0,0,1,0,0,0,0,0,NA,,
2085,Lithobiomorpha,Lithobiidae,Lithobius_mutabilis,adult,11,15.27726276,male,HEW12,8.10.2009,0,0,0,0,0,0,0,0,NA,NA,NA,NA,NA,NA,,
2086,Lithobiomorpha,Lithobiidae,Lithobius_mutabilis,adult,15,31.4486695,male,HEW12,8.10.2009,0,0,0,0,0,0,0,1,0,0,0,0,0,NA,,
2087,Lithobiomorpha,Lithobiidae,Lithobius_sp,subadult,5,2.437475925,NA,HEW12,8.10.2009,0,0,0,0,0,0,0,0,NA,NA,NA,NA,NA,NA,,
2088,Lithobiomorpha,Lithobiidae,Lithobius_aulacopus,adult,9,9.575773902,male,HEW12,8.10.2009,0,0,0,0,0,0,0,1,0,0,0,0,0,NA,,
2090,Lithobiomorpha,Lithobiidae,Lithobius_mutabilis,adult,12,18.70730693,male,HEW12,8.10.2009,0,0,0,0,0,0,0,0,NA,NA,NA,NA,NA,NA,,
2094,Lithobiomorpha,Lithobiidae,Lithobius_crassipes,adult,8,7.279457173,male,HEW12,8.10.2009,0,0,0,0,0,0,0,1,0,0,1,0,0,NA,,
2095,Lithobiomorpha,Lithobiidae,Lithobius_crassipes,adult,9,9.575773902,female,HEW12,8.10.2009,0,1,0,0,0,0,0,1,0,0,0,0,0,NA,,
2099,Lithobiomorpha,Lithobiidae,Lithobius_sp,subadult,5,2.437475925,NA,HEW12,8.10.2009,0,0,1,0,0,0,0,0,NA,NA,NA,NA,NA,NA,,
2106,Lithobiomorpha,Lithobiidae,Lithobius_sp,subadult,5,2.437475925,NA,HEW12,8.10.2009,0,0,0,0,0,0,0,1,0,0,1,0,0,NA,,
2187,Lithobiomorpha,Lithobiidae,Lithobius_sp,subadult,7,5.334614259,female,HEW36,8.10.2009,0,0,0,0,0,0,0,0,0,0,0,0,0,NA,,
2188,Lithobiomorpha,Lithobiidae,Lithobius_sp,subadult,5,2.437475925,NA,HEW36,8.10.2009,0,0,0,0,0,0,0,1,0,0,0,0,0,NA,,
2190,Lithobiomorpha,Lithobiidae,Lithobius_mutabilis,adult,11,15.27726276,male,HEW36,8.10.2009,0,0,0,0,0,0,0,0,0,0,0,0,0,NA,,
2191,Lithobiomorpha,Lithobiidae,Lithobius_mutabilis,adult,11,15.27726276,female,HEW36,8.10.2009,0,0,0,0,0,0,0,0,NA,NA,NA,NA,NA,NA,,
2192,Lithobiomorpha,Lithobiidae,Lithobius_sp,subadult,5,2.437475925,NA,HEW36,8.10.2009,0,0,0,0,0,0,0,1,0,0,0,0,0,NA,,
2193,Lithobiomorpha,Lithobiidae,Lithobius_crassipes,adult,7,5.334614259,male,HEW36,8.10.2009,0,0,1,0,0,0,0,0,NA,NA,NA,NA,NA,NA,,
2194,Lithobiomorpha,Lithobiidae,Lithobius_sp,subadult,5,2.437475925,NA,HEW36,8.10.2009,0,0,0,1,0,0,0,0,0,0,0,0,0,NA,,
2195,Lithobiomorpha,Lithobiidae,Lithobius_sp,subadult,7,5.334614259,NA,HEW36,8.10.2009,0,0,0,0,0,0,0,1,0,0,0,0,0,NA,,
2196,Lithobiomorpha,Lithobiidae,Lithobius_sp,subadult,5,2.437475925,NA,HEW36,8.10.2009,0,0,0,0,0,0,0,1,0,0,0,0,0,NA,,
2197,Lithobiomorpha,Lithobiidae,Lithobius_mutabilis,adult,14,26.782597,male,HEW36,8.10.2009,0,0,0,0,0,0,0,0,0,0,0,0,0,NA,,
2198,Lithobiomorpha,Lithobiidae,Lithobius_sp,adult,7,5.334614259,NA,HEW36,8.10.2009,0,0,0,0,0,0,0,0,0,0,0,0,0,NA,,
2200,Lithobiomorpha,Lithobiidae,Lithobius_mutabilis,adult,12,18.70730693,male,HEW36,8.10.2009,0,1,0,0,0,0,0,1,0,1,0,0,0,NA,,
2201,Lithobiomorpha,Lithobiidae,Lithobius_crassipes,adult,9,9.575773902,male,HEW36,8.10.2009,0,0,0,0,0,0,0,1,0,1,0,0,0,NA,,
2203,Lithobiomorpha,Lithobiidae,Lithobius_crassipes,adult,7,5.334614259,male,HEW36,8.10.2009,0,0,0,0,0,0,0,0,0,0,0,0,0,NA,,
2207,Lithobiomorpha,Lithobiidae,Lithobius_sp,adult,8,7.279457173,NA,HEW36,8.10.2009,0,0,0,0,0,0,0,1,0,1,0,0,0,NA,,
2208,Lithobiomorpha,Lithobiidae,Lithobius_mutabilis,subadult,9,9.575773902,male,HEW36,8.10.2009,0,0,0,0,0,0,0,1,0,0,0,0,0,NA,,
2209,Lithobiomorpha,Lithobiidae,Lithobius_nodulipes,adult,12,18.70730693,female,HEW36,8.10.2009,0,0,0,0,0,0,0,1,NA,NA,NA,NA,NA,NA,,
2211,Lithobiomorpha,Lithobiidae,Lithobius_mutabilis,adult,11,15.27726276,female,HEW36,8.10.2009,0,0,0,0,0,0,0,0,NA,NA,NA,NA,NA,NA,,
2219,Lithobiomorpha,Lithobiidae,Lithobius_mutabilis,adult,11,15.27726276,female,HEW36,8.10.2009,0,0,0,0,0,0,0,0,NA,NA,NA,NA,NA,NA,,
2280,Lithobiomorpha,Lithobiidae,Lithobius_sp,subadult,5,2.437475925,NA,HEW10,20.10.2009,0,0,0,0,0,0,0,0,0,0,0,0,0,NA,,
2283,Lithobiomorpha,Lithobiidae,Lithobius_mutabilis,adult,13,22.53885726,NA,HEW10,20.10.2009,0,0,0,0,0,0,0,0,0,0,0,0,0,NA,,
2284,Lithobiomorpha,Lithobiidae,Lithobius_nodulipes,adult,12,18.70730693,NA,HEW10,20.10.2009,0,0,0,0,0,0,0,0,0,0,0,0,0,NA,,
2286,Lithobiomorpha,Lithobiidae,Lithobius_nodulipes,adult,11,15.27726276,NA,HEW10,20.10.2009,0,0,0,0,0,0,0,0,0,0,0,0,0,NA,,
2287,Lithobiomorpha,Lithobiidae,Lithobius_crassipes,adult,7,5.334614259,NA,HEW10,20.10.2009,0,0,0,0,0,0,0,0,0,0,0,0,0,NA,,
2289,Lithobiomorpha,Lithobiidae,Lithobius_crassipes,adult,7,5.334614259,NA,HEW10,20.10.2009,0,0,0,0,1,0,0,1,0,0,0,0,0,NA,,
2291,Lithobiomorpha,Lithobiidae,Lithobius_nodulipes,subadult,8,7.279457173,female,HEW10,20.10.2009,0,0,0,0,0,0,0,1,0,0,0,0,0,NA,,
2292,Lithobiomorpha,Lithobiidae,Lithobius_mutabilis,subadult,6,3.72616092,female,HEW10,20.10.2009,0,0,0,0,0,0,0,1,0,0,0,0,0,NA,,
2295,Lithobiomorpha,Lithobiidae,Lithobius_sp,subadult,6,3.72616092,NA,HEW10,20.10.2009,0,0,0,0,0,0,0,1,0,0,0,0,0,NA,,
2296,Lithobiomorpha,Lithobiidae,Lithobius_mutabilis,subadult,9,9.575773902,female,HEW10,20.10.2009,0,0,0,0,0,0,0,1,0,1,0,0,0,NA,,
2297,Lithobiomorpha,Lithobiidae,Lithobius_sp,subadult,5,2.437475925,NA,HEW10,20.10.2009,0,0,0,0,1,0,0,1,0,0,0,1,0,NA,,
2298,Lithobiomorpha,Lithobiidae,Lithobius_mutabilis,adult,13,22.53885726,female,HEW10,20.10.2009,0,0,0,0,0,0,0,1,0,1,0,0,0,NA,,
2299,Lithobiomorpha,Lithobiidae,Lithobius_sp,subadult,5,2.437475925,NA,HEW10,20.10.2009,0,0,0,0,0,0,0,1,0,0,0,0,0,NA,,
2300,Lithobiomorpha,Lithobiidae,Lithobius_sp,subadult,5,2.437475925,NA,HEW10,20.10.2009,0,0,0,0,0,0,0,1,0,0,1,0,0,NA,,
2301,Lithobiomorpha,Lithobiidae,Lithobius_mutabilis,subadult,7,5.334614259,male,HEW10,20.10.2009,0,0,0,0,0,0,0,1,0,0,1,0,0,NA,,
2302,Lithobiomorpha,Lithobiidae,Lithobius_nodulipes,subadult,7,5.334614259,male,HEW10,20.10.2009,0,0,0,0,0,0,0,1,0,0,1,0,0,NA,,
2367,Lithobiomorpha,Lithobiidae,Lithobius_sp,subadult,4,1.44993766,NA,HEW11,20.10.2009,0,0,0,0,0,0,0,0,NA,NA,NA,NA,NA,NA,,
2368,Lithobiomorpha,Lithobiidae,Lithobius_sp,subadult,4,1.44993766,NA,HEW11,20.10.2009,0,0,0,0,0,0,0,0,NA,NA,NA,NA,NA,NA,,
2369,Lithobiomorpha,Lithobiidae,Lithobius_crassipes,adult,9,9.575773902,male,HEW11,20.10.2009,0,0,0,0,0,0,0,1,0,0,0,1,0,NA,,
2370,Lithobiomorpha,Lithobiidae,Lithobius_sp,subadult,4,1.44993766,NA,HEW11,20.10.2009,0,0,0,0,0,0,0,0,NA,NA,NA,NA,NA,NA,,
2371,Lithobiomorpha,Lithobiidae,Lithobius_sp,subadult,4,1.44993766,NA,HEW11,20.10.2009,0,0,0,0,0,0,0,0,0,0,0,0,0,NA,,
2372,Lithobiomorpha,Lithobiidae,Lithobius_sp,subadult,5,2.437475925,NA,HEW11,20.10.2009,0,0,0,0,0,0,0,0,NA,NA,NA,NA,NA,NA,,
2373,Lithobiomorpha,Lithobiidae,Lithobius_sp,subadult,4,1.44993766,NA,HEW11,20.10.2009,1,0,0,0,0,0,1,0,NA,NA,NA,NA,NA,NA,,
2374,Lithobiomorpha,Lithobiidae,Lithobius_sp,subadult,5,2.437475925,NA,HEW11,20.10.2009,0,0,0,0,0,0,0,0,NA,NA,NA,NA,NA,NA,,
2375,Lithobiomorpha,Lithobiidae,Lithobius_mutabilis,adult,10,12.23742378,male,HEW11,20.10.2009,0,0,0,0,0,0,0,0,NA,NA,NA,NA,NA,NA,,
2376,Lithobiomorpha,Lithobiidae,Lithobius_crassipes,adult,10,12.23742378,female,HEW11,20.10.2009,0,0,0,0,0,0,0,0,NA,NA,NA,NA,NA,NA,,
2377,Lithobiomorpha,Lithobiidae,Lithobius_mutabilis,adult,10,12.23742378,male,HEW11,20.10.2009,0,0,0,0,0,0,0,0,NA,NA,NA,NA,NA,NA,,
2378,Lithobiomorpha,Lithobiidae,Lithobius_dentatus,adult,17,42.08605488,female,HEW11,20.10.2009,0,0,0,0,0,0,0,0,NA,NA,NA,NA,NA,NA,,
2379,Lithobiomorpha,Lithobiidae,Lithobius_sp,subadult,4,1.44993766,NA,HEW11,20.10.2009,0,0,0,0,0,0,0,0,NA,NA,NA,NA,NA,NA,,
2380,Lithobiomorpha,Lithobiidae,Lithobius_mutabilis,subadult,7,5.334614259,male,HEW11,20.10.2009,0,0,0,0,0,0,0,0,NA,NA,NA,NA,NA,NA,,
2381,Lithobiomorpha,Lithobiidae,Lithobius_dentatus,adult,11,15.27726276,male,HEW11,20.10.2009,1,0,0,0,0,0,0,0,NA,NA,NA,NA,NA,NA,,
2382,Lithobiomorpha,Lithobiidae,Lithobius_melanops,adult,13,22.53885726,female,HEW11,20.10.2009,0,0,0,0,0,0,0,0,NA,NA,NA,NA,NA,NA,,
2384,Lithobiomorpha,Lithobiidae,Lithobius_sp,adult,9,9.575773902,male,HEW11,20.10.2009,0,0,0,0,0,0,0,0,NA,NA,NA,NA,NA,NA,,
2385,Lithobiomorpha,Lithobiidae,Lithobius_sp,adult,8,7.279457173,male,HEW11,20.10.2009,0,0,0,0,0,0,0,0,NA,NA,NA,NA,NA,NA,,
2386,Lithobiomorpha,Lithobiidae,Lithobius_melanops,subadult,8,7.279457173,male,HEW11,20.10.2009,0,0,0,0,0,0,0,0,NA,NA,NA,NA,NA,NA,,
2443,Lithobiomorpha,Lithobiidae,Lithobius_sp,subadult,5,2.437475925,NA,HEW12,20.10.2009,0,0,0,0,0,0,0,1,0,0,0,0,0,NA,,
2444,Lithobiomorpha,Lithobiidae,Lithobius_sp,adult,8,7.279457173,male,HEW12,20.10.2009,0,0,0,0,0,0,0,1,0,0,0,0,0,NA,,
2445,Lithobiomorpha,Lithobiidae,Lithobius_mutabilis,adult,12,18.70730693,female,HEW12,20.10.2009,0,1,0,0,0,0,0,1,0,0,0,0,0,NA,,
2446,Lithobiomorpha,Lithobiidae,Lithobius_mutabilis,adult,13,22.53885726,male,HEW12,20.10.2009,0,0,0,0,0,0,0,0,NA,NA,NA,NA,NA,NA,,
2447,Lithobiomorpha,Lithobiidae,Lithobius_sp,subadult,5,2.437475925,NA,HEW12,20.10.2009,0,0,0,0,0,0,0,0,0,0,0,0,0,NA,,
2448,Lithobiomorpha,Lithobiidae,Lithobius_sp,subadult,5,2.437475925,NA,HEW12,20.10.2009,0,0,0,0,0,0,0,0,NA,NA,NA,NA,NA,NA,,
2449,Lithobiomorpha,Lithobiidae,Lithobius_sp,subadult,5,2.437475925,NA,HEW12,20.10.2009,0,0,0,0,0,0,0,0,NA,NA,NA,NA,NA,NA,,
2450,Lithobiomorpha,Lithobiidae,Lithobius_crassipes,adult,9,9.575773902,female,HEW12,20.10.2009,0,0,0,0,0,0,0,1,0,0,0,0,0,NA,,
2451,Lithobiomorpha,Lithobiidae,Lithobius_sp,subadult,4,1.44993766,NA,HEW12,20.10.2009,0,0,0,0,0,0,0,0,NA,NA,NA,NA,NA,NA,,
2452,Lithobiomorpha,Lithobiidae,Lithobius_sp,subadult,5,2.437475925,NA,HEW12,20.10.2009,0,0,0,0,0,0,0,1,0,0,0,0,0,NA,,
2454,Lithobiomorpha,Lithobiidae,Lithobius_sp,subadult,5,2.437475925,NA,HEW12,20.10.2009,0,0,0,0,0,0,0,1,0,0,0,0,0,NA,,
2455,Lithobiomorpha,Lithobiidae,Lithobius_crassipes,adult,8,7.279457173,male,HEW12,20.10.2009,0,0,0,0,0,0,0,0,NA,NA,NA,NA,NA,NA,,
2456,Lithobiomorpha,Lithobiidae,Lithobius_mutabilis,adult,10,12.23742378,male,HEW12,20.10.2009,0,0,1,0,0,0,0,0,0,0,0,0,0,NA,,
2457,Lithobiomorpha,Lithobiidae,Lithobius_sp,subadult,5,2.437475925,NA,HEW12,20.10.2009,0,0,0,0,0,0,0,0,0,0,0,0,0,NA,,
2458,Lithobiomorpha,Lithobiidae,Lithobius_sp,subadult,5,2.437475925,NA,HEW12,20.10.2009,0,0,0,0,0,0,0,1,0,0,0,0,1,NA,,
2460,Lithobiomorpha,Lithobiidae,Lithobius_sp,subadult,5,2.437475925,NA,HEW12,20.10.2009,0,0,0,0,0,0,0,0,NA,NA,NA,NA,NA,NA,,
2461,Lithobiomorpha,Lithobiidae,Lithobius_melanops,adult,11,15.27726276,male,HEW12,20.10.2009,0,0,0,0,0,0,0,0,NA,NA,NA,NA,NA,NA,,
2462,Lithobiomorpha,Lithobiidae,Lithobius_melanops,subadult,7,5.334614259,male,HEW12,20.10.2009,0,0,0,0,0,0,0,0,NA,NA,NA,NA,NA,NA,,
2495,Lithobiomorpha,Lithobiidae,Lithobius_crassipes,adult,9,9.575773902,male,HEW36,20.10.2009,0,0,0,0,0,0,0,0,NA,NA,NA,NA,NA,NA,,
2496,Lithobiomorpha,Lithobiidae,Lithobius_crassipes,adult,9,9.575773902,male,HEW36,20.10.2009,0,0,0,0,0,0,0,1,0,0,0,1,0,NA,,
2497,Lithobiomorpha,Lithobiidae,Lithobius_mutabilis,adult,10,12.23742378,female,HEW36,20.10.2009,0,1,0,0,0,0,0,0,NA,NA,NA,NA,NA,NA,,
2498,Lithobiomorpha,Lithobiidae,Lithobius_sp,subadult,5,2.437475925,NA,HEW36,20.10.2009,0,1,0,0,0,0,0,1,0,0,0,0,0,NA,,
2500,Lithobiomorpha,Lithobiidae,Lithobius_crassipes,adult,8,7.279457173,female,HEW36,20.10.2009,0,0,0,0,0,0,0,0,NA,NA,NA,NA,NA,NA,,
2501,Lithobiomorpha,Lithobiidae,Lithobius_mutabilis,adult,12,18.70730693,male,HEW36,20.10.2009,0,0,0,0,0,0,0,0,NA,NA,NA,NA,NA,NA,,
2502,Lithobiomorpha,Lithobiidae,Lithobius_crassipes,adult,8,7.279457173,male,HEW36,20.10.2009,0,1,0,0,0,0,0,0,0,0,0,0,0,NA,,
2503,Lithobiomorpha,Lithobiidae,Lithobius_sp,subadult,5,2.437475925,NA,HEW36,20.10.2009,0,0,0,0,0,0,0,1,0,1,0,0,0,NA,,
2504,Lithobiomorpha,Lithobiidae,Lithobius_sp,subadult,6,3.72616092,female,HEW36,20.10.2009,0,0,0,0,0,0,0,1,0,1,0,0,0,NA,,
2505,Lithobiomorpha,Lithobiidae,Lithobius_crassipes,adult,8,7.279457173,male,HEW36,20.10.2009,0,1,0,0,0,0,0,0,NA,NA,NA,NA,NA,NA,,
2506,Lithobiomorpha,Lithobiidae,Lithobius_mutabilis,subadult,8,7.279457173,male,HEW36,20.10.2009,0,0,0,0,0,0,0,0,NA,NA,NA,NA,NA,NA,,
2507,Lithobiomorpha,Lithobiidae,Lithobius_melanops,adult,11,15.27726276,NA,HEW36,20.10.2009,0,0,0,0,0,0,0,1,0,0,0,0,0,NA,,
2510,Lithobiomorpha,Lithobiidae,Lithobius_sp,subadult,5,2.437475925,NA,HEW36,20.10.2009,0,0,0,0,0,0,0,0,0,0,0,0,0,NA,,
2511,Lithobiomorpha,Lithobiidae,Lithobius_sp,subadult,5,2.437475925,NA,HEW36,20.10.2009,0,0,0,0,0,0,0,1,0,0,0,0,0,NA,,
2512,Lithobiomorpha,Lithobiidae,Lithobius_crassipes,adult,8,7.279457173,male,HEW36,20.10.2009,0,0,0,0,0,0,0,0,NA,NA,NA,NA,NA,NA,,
2513,Lithobiomorpha,Lithobiidae,Lithobius_sp,subadult,5,2.437475925,NA,HEW36,20.10.2009,0,0,0,0,0,0,0,0,0,0,0,0,0,NA,,
2515,Lithobiomorpha,Lithobiidae,Lithobius_crassipes,adult,8,7.279457173,male,HEW36,20.10.2009,0,0,0,0,0,0,0,1,0,0,0,0,0,NA,,
2517,Lithobiomorpha,Lithobiidae,Lithobius_mutabilis,subadult,8,7.279457173,male,HEW36,20.10.2009,0,1,0,0,0,0,0,0,NA,NA,NA,NA,NA,NA,,
2613,Lithobiomorpha,Lithobiidae,Lithobius_muticus,subadult,7,5.334614259,NA,HEW10,28.10.2009,0,0,0,0,0,0,0,0,0,0,0,0,0,NA,,
2614,Lithobiomorpha,Lithobiidae,Lithobius_muticus,subadult,6,3.72616092,NA,HEW10,28.10.2009,0,0,0,0,0,0,0,0,0,0,0,0,0,NA,,
2615,Lithobiomorpha,Lithobiidae,Lithobius_muticus,subadult,5,2.437475925,NA,HEW10,28.10.2009,0,0,0,0,0,0,0,0,0,0,0,0,0,NA,,
2616,Lithobiomorpha,Lithobiidae,Lithobius_muticus,subadult,7,5.334614259,NA,HEW10,28.10.2009,0,0,0,0,0,0,0,1,1,0,1,0,0,NA,,
2619,Lithobiomorpha,Lithobiidae,Lithobius_sp,subadult,5,2.437475925,NA,HEW10,28.10.2009,0,0,0,0,0,0,0,0,0,0,0,0,0,NA,,
2620,Lithobiomorpha,Lithobiidae,Lithobius_muticus,subadult,6,3.72616092,NA,HEW10,28.10.2009,0,0,0,0,0,0,0,0,0,0,0,0,0,NA,,
2621,Lithobiomorpha,Lithobiidae,Lithobius_muticus,subadult,8,7.279457173,NA,HEW10,28.10.2009,0,0,0,0,0,0,0,0,0,0,0,0,0,NA,,
2622,Lithobiomorpha,Lithobiidae,Lithobius_muticus,subadult,7,5.334614259,NA,HEW10,28.10.2009,0,0,0,0,1,0,0,1,0,0,0,0,0,NA,,
2623,Lithobiomorpha,Lithobiidae,Lithobius_mutabilis,adult,15,31.4486695,NA,HEW10,28.10.2009,0,0,0,0,1,0,0,1,0,0,0,0,0,NA,,
2671,Lithobiomorpha,Lithobiidae,Lithobius_nodulipes,adult,12,18.70730693,NA,HEW11,28.10.2009,0,0,0,0,0,0,0,0,0,0,0,0,0,NA,,
2673,Lithobiomorpha,Lithobiidae,Lithobius_mutabilis,adult,10,12.23742378,NA,HEW11,28.10.2009,0,0,0,0,0,0,0,0,0,0,0,0,0,NA,,
2675,Lithobiomorpha,Lithobiidae,Lithobius_mutabilis,subadult,7,5.334614259,NA,HEW11,28.10.2009,0,0,0,0,0,0,0,0,0,0,0,0,0,NA,,
2676,Lithobiomorpha,Lithobiidae,Lithobius_muticus,subadult,7,5.334614259,NA,HEW11,28.10.2009,0,0,0,0,0,0,0,0,0,0,0,0,0,NA,,
2677,Lithobiomorpha,Lithobiidae,Lithobius_mutabilis,subadult,7,5.334614259,NA,HEW11,28.10.2009,0,0,0,0,0,0,0,0,0,0,0,0,0,NA,,
2678,Lithobiomorpha,Lithobiidae,Lithobius_mutabilis,subadult,9,9.575773902,NA,HEW11,28.10.2009,0,0,0,0,0,0,0,0,0,0,0,0,0,NA,,
2680,Lithobiomorpha,Lithobiidae,Lithobius_mutabilis,adult,11,15.27726276,NA,HEW11,28.10.2009,0,0,0,0,0,0,0,0,0,0,0,0,0,NA,,
2682,Lithobiomorpha,Lithobiidae,Lithobius_mutabilis,adult,12,18.70730693,NA,HEW11,28.10.2009,0,0,0,0,0,0,0,1,1,0,0,0,0,NA,,
2684,Lithobiomorpha,Lithobiidae,Lithobius_muticus,subadult,7,5.334614259,NA,HEW11,28.10.2009,0,0,0,0,0,0,0,0,0,0,0,0,0,NA,,
2685,Lithobiomorpha,Lithobiidae,Lithobius_muticus,subadult,7,5.334614259,NA,HEW11,28.10.2009,0,0,0,0,1,0,0,1,0,0,0,0,0,NA,,
2686,Lithobiomorpha,Lithobiidae,Lithobius_muticus,subadult,6,3.72616092,NA,HEW11,28.10.2009,0,0,0,0,0,0,0,0,0,0,0,0,0,NA,,
2688,Lithobiomorpha,Lithobiidae,Lithobius_muticus,subadult,8,7.279457173,NA,HEW11,28.10.2009,0,0,0,0,0,0,0,1,0,0,0,0,0,NA,,
2690,Lithobiomorpha,Lithobiidae,Lithobius_muticus,adult,10,12.23742378,NA,HEW11,28.10.2009,0,0,0,0,0,0,0,0,0,0,0,0,0,NA,,
2693,Lithobiomorpha,Lithobiidae,Lithobius_mutabilis,adult,11,15.27726276,NA,HEW11,28.10.2009,0,0,0,0,0,0,0,0,0,0,0,0,0,NA,,
2694,Lithobiomorpha,Lithobiidae,Lithobius_mutabilis,adult,13,22.53885726,NA,HEW11,28.10.2009,0,0,0,0,0,0,0,0,0,0,0,0,0,NA,,
2696,Lithobiomorpha,Lithobiidae,Lithobius_mutabilis,adult,10,12.23742378,NA,HEW11,28.10.2009,0,0,0,0,1,0,0,1,0,0,0,0,0,NA,,
2697,Lithobiomorpha,Lithobiidae,Lithobius_muticus,adult,13,22.53885726,NA,HEW11,28.10.2009,0,1,0,0,0,0,0,0,0,0,0,0,0,NA,,
2700,Lithobiomorpha,Lithobiidae,Lithobius_mutabilis,adult,11,15.27726276,NA,HEW11,28.10.2009,0,1,0,0,0,0,0,0,0,0,0,0,0,NA,,
2702,Lithobiomorpha,Lithobiidae,Lithobius_dentatus,adult,18,48.07547106,NA,HEW11,28.10.2009,0,0,0,0,0,0,0,0,0,0,0,0,0,NA,,
2703,Lithobiomorpha,Lithobiidae,Lithobius_mutabilis,adult,10,12.23742378,NA,HEW11,28.10.2009,0,0,0,0,0,0,0,0,0,0,0,0,0,NA,,
2706,Lithobiomorpha,Lithobiidae,Lithobius_muticus,subadult,8,7.279457173,NA,HEW11,28.10.2009,0,0,0,0,0,0,0,0,0,0,0,0,0,NA,,
2711,Lithobiomorpha,Lithobiidae,Lithobius_mutabilis,adult,12,18.70730693,NA,HEW11,28.10.2009,0,0,0,0,0,0,0,0,0,0,0,0,0,NA,,
2712,Lithobiomorpha,Lithobiidae,Lithobius_mutabilis,subadult,8,7.279457173,NA,HEW11,28.10.2009,0,0,0,0,0,0,0,0,0,0,0,0,0,NA,,
2713,Lithobiomorpha,Lithobiidae,Lithobius_mutabilis,subadult,7,5.334614259,NA,HEW11,28.10.2009,0,0,0,0,1,0,0,1,0,0,0,0,0,NA,,
2714,Lithobiomorpha,Lithobiidae,Lithobius_muticus,subadult,7,5.334614259,NA,HEW11,28.10.2009,0,0,0,0,0,0,0,0,0,0,0,0,0,NA,,
2768,Lithobiomorpha,Lithobiidae,Lithobius_mutabilis,adult,12,18.70730693,NA,HEW12,28.10.2009,0,0,0,0,0,0,0,0,0,0,0,0,0,NA,,
2769,Lithobiomorpha,Lithobiidae,Lithobius_mutabilis,subadult,7,5.334614259,NA,HEW12,28.10.2009,0,0,0,0,1,0,0,1,0,0,0,0,0,NA,,
2770,Lithobiomorpha,Lithobiidae,Lithobius_mutabilis,subadult,7,5.334614259,NA,HEW12,28.10.2009,0,1,0,0,1,0,0,1,0,0,0,0,0,NA,,
2771,Lithobiomorpha,Lithobiidae,Lithobius_sp,subadult,7,5.334614259,NA,HEW12,28.10.2009,0,0,0,0,0,0,0,0,0,0,0,0,0,NA,,
2772,Lithobiomorpha,Lithobiidae,Lithobius_mutabilis,subadult,7,5.334614259,NA,HEW12,28.10.2009,0,0,0,0,1,0,0,1,0,0,0,0,0,NA,,
2774,Lithobiomorpha,Lithobiidae,Lithobius_sp,subadult,5,2.437475925,NA,HEW12,28.10.2009,0,0,0,0,0,0,0,0,0,0,0,0,0,NA,,
2776,Lithobiomorpha,Lithobiidae,Lithobius_crassipes,adult,8,7.279457173,NA,HEW12,28.10.2009,0,0,0,0,0,0,0,1,0,1,0,0,0,NA,,
2777,Lithobiomorpha,Lithobiidae,Lithobius_crassipes,adult,9,9.575773902,NA,HEW12,28.10.2009,0,0,0,0,1,0,0,1,0,0,0,0,0,NA,,
2778,Lithobiomorpha,Lithobiidae,Lithobius_crassipes,adult,7,5.334614259,NA,HEW12,28.10.2009,0,0,0,0,1,0,0,1,0,0,0,0,0,NA,,
2779,Lithobiomorpha,Lithobiidae,Lithobius_crassipes,adult,7,5.334614259,NA,HEW12,28.10.2009,0,0,0,0,1,0,0,1,0,0,0,0,0,NA,,
2782,Lithobiomorpha,Lithobiidae,Lithobius_mutabilis,adult,7,5.334614259,NA,HEW12,28.10.2009,0,1,0,0,1,0,0,1,0,0,0,0,0,NA,,
2784,Lithobiomorpha,Lithobiidae,Lithobius_mutabilis,adult,8,7.279457173,NA,HEW12,28.10.2009,0,0,0,0,1,0,0,1,0,0,0,0,0,NA,,
2785,Lithobiomorpha,Lithobiidae,Lithobius_mutabilis,adult,8,7.279457173,NA,HEW12,28.10.2009,0,0,0,0,0,0,0,0,0,0,0,0,0,NA,,
2790,Lithobiomorpha,Lithobiidae,Lithobius_nodulipes,adult,10,12.23742378,NA,HEW12,28.10.2009,0,0,0,0,0,0,0,0,0,0,0,0,0,NA,,
2792,Lithobiomorpha,Lithobiidae,Lithobius_muticus,subadult,8,7.279457173,NA,HEW12,28.10.2009,0,0,0,0,0,0,0,0,0,0,0,0,0,NA,,
2793,Lithobiomorpha,Lithobiidae,Lithobius_muticus,subadult,8,7.279457173,NA,HEW12,28.10.2009,0,0,0,0,0,0,0,0,0,0,0,0,0,NA,,
2796,Lithobiomorpha,Lithobiidae,Lithobius_mutabilis,subadult,8,7.279457173,NA,HEW12,28.10.2009,0,0,0,0,0,0,0,0,0,0,0,0,0,NA,,
2799,Lithobiomorpha,Lithobiidae,Lithobius_mutabilis,subadult,8,7.279457173,NA,HEW12,28.10.2009,0,0,0,0,0,0,0,0,0,0,0,0,0,NA,,
2800,Lithobiomorpha,Lithobiidae,Lithobius_mutabilis,subadult,6,3.72616092,NA,HEW12,28.10.2009,0,0,0,0,1,0,0,1,0,0,0,0,0,NA,,
2801,Lithobiomorpha,Lithobiidae,Lithobius_mutabilis,subadult,7,5.334614259,NA,HEW12,28.10.2009,0,0,0,0,1,0,0,1,0,0,0,0,0,NA,,
2802,Lithobiomorpha,Lithobiidae,Lithobius_crassipes,adult,7,5.334614259,NA,HEW12,28.10.2009,0,0,0,0,0,0,0,0,0,0,0,0,0,NA,,
2803,Lithobiomorpha,Lithobiidae,Lithobius_crassipes,adult,7,5.334614259,NA,HEW12,28.10.2009,0,1,0,0,1,0,0,1,0,0,0,0,0,NA,,
2807,Lithobiomorpha,Lithobiidae,Lithobius_sp,subadult,5,2.437475925,NA,HEW12,28.10.2009,0,0,0,0,0,0,0,1,0,1,0,0,0,NA,,
2808,Lithobiomorpha,Lithobiidae,Lithobius_crassipes,adult,6,3.72616092,NA,HEW12,28.10.2009,0,0,0,0,0,0,0,0,0,0,0,0,0,NA,,
2809,Lithobiomorpha,Lithobiidae,Lithobius_crassipes,adult,6,3.72616092,NA,HEW12,28.10.2009,0,0,0,0,0,0,0,0,0,0,0,0,0,NA,,
2813,Lithobiomorpha,Lithobiidae,Lithobius_mutabilis,subadult,8,7.279457173,NA,HEW12,28.10.2009,0,0,0,0,0,0,0,0,0,0,0,0,0,NA,,
2815,Lithobiomorpha,Lithobiidae,Lithobius_nodulipes,adult,14,26.782597,NA,HEW12,28.10.2009,0,0,0,0,1,0,0,1,0,0,0,0,0,NA,,
2816,Lithobiomorpha,Lithobiidae,Lithobius_mutabilis,subadult,8,7.279457173,NA,HEW12,28.10.2009,0,0,0,0,0,0,0,0,0,0,0,0,0,NA,,
2817,Lithobiomorpha,Lithobiidae,Lithobius_sp,subadult,8,7.279457173,NA,HEW12,28.10.2009,0,0,0,0,0,0,0,0,0,0,0,0,0,NA,,
2818,Lithobiomorpha,Lithobiidae,Lithobius_sp,subadult,6,3.72616092,NA,HEW12,28.10.2009,0,1,0,0,0,0,0,0,0,0,0,0,0,NA,,
2819,Lithobiomorpha,Lithobiidae,Lithobius_mutabilis,adult,11,15.27726276,NA,HEW12,28.10.2009,0,0,0,0,1,0,0,1,0,0,0,0,0,NA,,
2820,Lithobiomorpha,Lithobiidae,Lithobius_mutabilis,subadult,6,3.72616092,NA,HEW12,28.10.2009,0,0,0,0,0,0,0,0,0,0,0,0,0,NA,,
2821,Lithobiomorpha,Lithobiidae,Lithobius_mutabilis,subadult,6,3.72616092,NA,HEW12,28.10.2009,0,0,0,0,0,0,0,0,0,0,0,0,0,NA,,
2822,Lithobiomorpha,Lithobiidae,Lithobius_mutabilis,subadult,6,3.72616092,NA,HEW12,28.10.2009,0,0,0,0,1,0,0,1,0,0,0,0,0,NA,,
2825,Lithobiomorpha,Lithobiidae,Lithobius_nodulipes,adult,12,18.70730693,NA,HEW12,28.10.2009,0,1,0,0,0,0,0,0,0,0,0,0,0,NA,,
2826,Lithobiomorpha,Lithobiidae,Lithobius_mutabilis,subadult,7,5.334614259,NA,HEW12,28.10.2009,0,0,0,0,0,0,0,0,0,0,0,0,0,NA,,
2827,Lithobiomorpha,Lithobiidae,Lithobius_mutabilis,subadult,8,7.279457173,NA,HEW12,28.10.2009,0,0,0,0,0,0,0,0,0,0,0,0,0,NA,,
2828,Lithobiomorpha,Lithobiidae,Lithobius_mutabilis,subadult,9,9.575773902,NA,HEW12,28.10.2009,0,0,0,0,0,0,0,0,0,0,0,0,0,NA,,
2898,Lithobiomorpha,Lithobiidae,Lithobius_mutabilis,adult,12,18.70730693,NA,HEW36,28.10.2009,0,0,0,0,0,0,0,0,0,0,0,0,0,NA,,
2899,Lithobiomorpha,Lithobiidae,Lithobius_crassipes,adult,7,5.334614259,NA,HEW36,28.10.2009,0,0,0,0,0,0,0,0,0,0,0,0,0,NA,,
2902,Lithobiomorpha,Lithobiidae,Lithobius_mutabilis,subadult,6,3.72616092,NA,HEW36,28.10.2009,0,0,0,0,1,0,0,1,0,0,0,0,0,NA,,
2907,Lithobiomorpha,Lithobiidae,Lithobius_sp,subadult,5,2.437475925,NA,HEW36,28.10.2009,0,0,0,0,0,0,0,0,0,0,0,0,0,NA,,
2908,Lithobiomorpha,Lithobiidae,Lithobius_crassipes,subadult,5,2.437475925,NA,HEW36,28.10.2009,0,0,0,0,0,0,0,0,0,0,0,0,0,NA,,
2909,Lithobiomorpha,Lithobiidae,Lithobius_aulacopus,subadult,5,2.437475925,NA,HEW36,28.10.2009,0,0,0,0,1,0,0,1,0,0,0,0,0,NA,,
2910,Lithobiomorpha,Lithobiidae,Lithobius_mutabilis,adult,12,18.70730693,NA,HEW36,28.10.2009,0,0,0,0,0,0,0,0,0,0,0,0,0,NA,,
2915,Lithobiomorpha,Lithobiidae,Lithobius_mutabilis,adult,12,18.70730693,NA,HEW36,28.10.2009,0,0,0,0,0,0,0,0,0,0,0,0,0,NA,,
2916,Lithobiomorpha,Lithobiidae,Lithobius_aulacopus,adult,11,15.27726276,NA,HEW36,28.10.2009,0,0,0,0,1,0,0,1,0,0,0,0,0,NA,,
2918,Lithobiomorpha,Lithobiidae,Lithobius_mutabilis,subadult,8,7.279457173,NA,HEW36,28.10.2009,0,0,0,0,1,0,0,1,0,0,0,0,0,NA,,
2922,Lithobiomorpha,Lithobiidae,Lithobius_mutabilis,subadult,5,2.437475925,NA,HEW36,28.10.2009,0,0,0,0,0,0,0,0,0,0,0,0,0,NA,,
2923,Lithobiomorpha,Lithobiidae,Lithobius_mutabilis,subadult,6,3.72616092,NA,HEW36,28.10.2009,0,0,0,0,0,0,0,0,0,0,0,0,0,NA,,
2924,Lithobiomorpha,Lithobiidae,Lithobius_mutabilis,subadult,6,3.72616092,NA,HEW36,28.10.2009,0,0,0,0,0,0,0,0,0,0,0,0,0,NA,,
2926,Lithobiomorpha,Lithobiidae,Lithobius_nodulipes,adult,12,18.70730693,NA,HEW36,28.10.2009,0,0,0,0,0,0,0,0,0,0,0,0,0,NA,,
2927,Lithobiomorpha,Lithobiidae,Lithobius_mutabilis,adult,10,12.23742378,NA,HEW36,28.10.2009,0,0,0,0,1,0,0,1,0,0,0,0,0,NA,,
2928,Lithobiomorpha,Lithobiidae,Lithobius_dentatus,adult,12,18.70730693,NA,HEW36,28.10.2009,0,0,0,0,0,0,0,0,0,0,0,0,0,NA,,
2929,Lithobiomorpha,Lithobiidae,Lithobius_mutabilis,adult,12,18.70730693,NA,HEW36,28.10.2009,0,0,0,0,0,0,0,0,0,0,0,0,0,NA,,
2931,Lithobiomorpha,Lithobiidae,Lithobius_mutabilis,subadult,8,7.279457173,NA,HEW36,28.10.2009,0,0,0,0,0,0,0,0,0,0,0,0,0,NA,,
2932,Lithobiomorpha,Lithobiidae,Lithobius_mutabilis,adult,12,18.70730693,NA,HEW36,28.10.2009,0,0,0,0,1,0,0,1,0,0,0,0,0,NA,,
3005,Lithobiomorpha,Lithobiidae,Lithobius_mutabilis,adult,10,12.23742378,female,HEW10,3.11.2009,0,0,0,0,0,0,0,1,0,0,0,1,0,NA,,
3006,Lithobiomorpha,Lithobiidae,Lithobius_mutabilis,adult,12,18.70730693,male,HEW10,3.11.2009,0,1,0,0,0,0,0,0,NA,NA,NA,NA,NA,NA,,
3007,Lithobiomorpha,Lithobiidae,Lithobius_mutabilis,subadult,7,5.334614259,male,HEW10,3.11.2009,0,0,0,0,0,0,0,0,0,0,0,0,0,NA,,
3008,Lithobiomorpha,Lithobiidae,Lithobius_mutabilis,subadult,9,9.575773902,female,HEW10,3.11.2009,0,1,0,0,0,0,0,1,0,0,0,0,0,NA,,
3009,Lithobiomorpha,Lithobiidae,Lithobius_mutabilis,adult,13,22.53885726,male,HEW10,3.11.2009,0,1,0,0,0,0,0,1,0,0,0,1,0,NA,,
3011,Lithobiomorpha,Lithobiidae,Lithobius_sp,subadult,7,5.334614259,NA,HEW10,3.11.2009,0,0,0,0,0,0,0,0,NA,NA,NA,NA,NA,NA,,
3012,Lithobiomorpha,Lithobiidae,Lithobius_muticus,adult,10,12.23742378,female,HEW10,3.11.2009,0,0,0,0,0,0,0,0,NA,NA,NA,NA,NA,NA,,
3013,Lithobiomorpha,Lithobiidae,Lithobius_mutabilis,adult,10,12.23742378,male,HEW10,3.11.2009,0,0,0,0,0,0,0,0,NA,NA,NA,NA,NA,NA,,
3014,Lithobiomorpha,Lithobiidae,Lithobius_mutabilis,adult,12,18.70730693,female,HEW10,3.11.2009,0,1,0,0,0,0,0,1,0,0,0,0,0,NA,,
3015,Lithobiomorpha,Lithobiidae,Lithobius_sp,subadult,5,2.437475925,NA,HEW10,3.11.2009,0,0,0,0,0,0,0,0,0,0,0,0,0,NA,,
3016,Lithobiomorpha,Lithobiidae,Lithobius_mutabilis,adult,10,12.23742378,male,HEW10,3.11.2009,0,0,0,0,0,0,0,0,NA,NA,NA,NA,NA,NA,,
3017,Lithobiomorpha,Lithobiidae,Lithobius_crassipes,adult,7,5.334614259,NA,HEW10,3.11.2009,0,0,0,0,0,0,0,0,0,0,0,0,0,NA,,
3020,Lithobiomorpha,Lithobiidae,Lithobius_mutabilis,adult,13,22.53885726,male,HEW10,3.11.2009,0,1,0,0,0,0,0,0,0,0,0,0,0,NA,,
3022,Lithobiomorpha,Lithobiidae,Lithobius_mutabilis,subadult,7,5.334614259,female,HEW10,3.11.2009,0,0,0,0,0,0,0,0,0,0,0,0,0,NA,,
3023,Lithobiomorpha,Lithobiidae,Lithobius_muticus,subadult,8,7.279457173,male,HEW10,3.11.2009,0,0,0,0,0,0,0,0,0,0,0,0,0,NA,,
3025,Lithobiomorpha,Lithobiidae,Lithobius_mutabilis,subadult,9,9.575773902,female,HEW10,3.11.2009,0,0,0,0,0,0,0,0,NA,NA,NA,NA,NA,NA,,
3096,Lithobiomorpha,Lithobiidae,Lithobius_mutabilis,subadult,5,2.437475925,male,HEW12,3.11.2009,0,0,0,0,0,0,0,0,NA,NA,NA,NA,NA,NA,,
3097,Lithobiomorpha,Lithobiidae,Lithobius_mutabilis,subadult,8,7.279457173,NA,HEW12,3.11.2009,0,1,0,0,0,0,0,0,NA,NA,NA,NA,NA,NA,,
3098,Lithobiomorpha,Lithobiidae,Lithobius_mutabilis,adult,12,18.70730693,male,HEW12,3.11.2009,0,0,0,0,0,0,0,1,0,0,0,1,0,NA,,
3099,Lithobiomorpha,Lithobiidae,Lithobius_nodulipes,subadult,8,7.279457173,male,HEW12,3.11.2009,0,1,0,0,0,0,0,0,0,0,0,0,0,NA,,
3100,Lithobiomorpha,Lithobiidae,Lithobius_mutabilis,subadult,8,7.279457173,female,HEW12,3.11.2009,0,0,0,0,0,0,0,0,0,0,0,0,0,NA,,
3102,Lithobiomorpha,Lithobiidae,Lithobius_mutabilis,adult,10,12.23742378,male,HEW12,3.11.2009,0,0,0,0,0,0,0,0,NA,NA,NA,NA,NA,NA,,
3103,Lithobiomorpha,Lithobiidae,Lithobius_sp,subadult,5,2.437475925,NA,HEW12,3.11.2009,0,0,0,0,0,0,0,0,NA,NA,NA,NA,NA,NA,,
3104,Lithobiomorpha,Lithobiidae,Lithobius_mutabilis,adult,13,22.53885726,male,HEW12,3.11.2009,0,1,0,0,0,0,0,0,0,0,0,0,0,NA,,
3105,Lithobiomorpha,Lithobiidae,Lithobius_mutabilis,subadult,9,9.575773902,male,HEW12,3.11.2009,0,0,0,0,0,0,0,1,0,0,0,0,0,NA,,
3106,Lithobiomorpha,Lithobiidae,Lithobius_crassipes,adult,8,7.279457173,female,HEW12,3.11.2009,0,0,0,0,1,0,0,0,0,0,0,0,0,NA,,
3107,Lithobiomorpha,Lithobiidae,Lithobius_crassipes,adult,8,7.279457173,female,HEW12,3.11.2009,0,0,0,0,1,0,0,1,0,1,0,0,0,NA,,
3108,Lithobiomorpha,Lithobiidae,Lithobius_crassipes,subadult,5,2.437475925,NA,HEW12,3.11.2009,0,0,0,0,0,0,0,1,0,1,0,0,0,NA,,
3109,Lithobiomorpha,Lithobiidae,Lithobius_crassipes,adult,6,3.72616092,male,HEW12,3.11.2009,0,0,0,0,0,0,0,0,0,0,0,0,0,NA,,
3110,Lithobiomorpha,Lithobiidae,Lithobius_mutabilis,adult,11,15.27726276,female,HEW12,3.11.2009,0,0,0,0,0,0,0,0,0,0,0,0,0,NA,,
3111,Lithobiomorpha,Lithobiidae,Lithobius_mutabilis,adult,13,22.53885726,male,HEW12,3.11.2009,0,0,0,0,0,0,0,0,0,0,0,0,0,NA,,
3112,Lithobiomorpha,Lithobiidae,Lithobius_mutabilis,adult,10,12.23742378,male,HEW12,3.11.2009,0,1,0,0,0,0,0,1,0,1,0,0,0,NA,,
3113,Lithobiomorpha,Lithobiidae,Lithobius_mutabilis,adult,11,15.27726276,female,HEW12,3.11.2009,0,1,0,0,0,0,0,0,NA,NA,NA,NA,NA,NA,,
3115,Lithobiomorpha,Lithobiidae,Lithobius_crassipes,adult,6,3.72616092,female,HEW12,3.11.2009,0,0,0,0,0,0,0,0,0,0,0,0,0,NA,,
3118,Lithobiomorpha,Lithobiidae,Lithobius_sp,subadult,NA,NA,NA,HEW12,3.11.2009,0,0,0,0,0,0,0,0,0,0,0,0,0,NA,,
3139,Lithobiomorpha,Lithobiidae,Lithobius_sp,subadult,8,7.279457173,NA,HEW36,3.11.2009,0,0,0,0,0,0,0,0,0,0,0,0,0,NA,,
3140,Lithobiomorpha,Lithobiidae,Lithobius_mutabilis,subadult,8,7.279457173,male,HEW36,3.11.2009,0,0,0,0,0,0,0,0,0,0,0,0,0,NA,,
3143,Lithobiomorpha,Lithobiidae,Lithobius_mutabilis,adult,12,18.70730693,female,HEW36,3.11.2009,0,1,0,0,0,0,0,0,0,0,0,0,0,NA,,
3144,Lithobiomorpha,Lithobiidae,Lithobius_mutabilis,adult,14,26.782597,male,HEW36,3.11.2009,0,0,0,0,0,0,0,1,0,0,0,0,0,NA,,
3145,Lithobiomorpha,Lithobiidae,Lithobius_mutabilis,adult,14,26.782597,male,HEW36,3.11.2009,0,0,0,0,0,0,0,0,0,0,0,0,0,NA,,
3147,Lithobiomorpha,Lithobiidae,Lithobius_sp,adult,9,9.575773902,NA,HEW36,3.11.2009,0,0,0,0,0,0,0,0,0,0,0,0,0,NA,,
3160,Lithobiomorpha,Lithobiidae,Lithobius_muticus,subadult,8,7.279457173,male,HEW10,15.6.2010,0,0,0,0,0,0,0,0,0,0,0,0,0,NA,,
3161,Lithobiomorpha,Lithobiidae,Lithobius_aulacopus,adult,10,12.23742378,male,HEW10,15.6.2010,0,0,0,0,0,0,0,0,NA,NA,NA,NA,NA,NA,,
3162,Lithobiomorpha,Lithobiidae,Lithobius_mutabilis,adult,10,12.23742378,male,HEW10,15.6.2010,0,0,0,0,0,0,0,0,NA,NA,NA,NA,NA,NA,,
3163,Lithobiomorpha,Lithobiidae,Lithobius_dentatus,adult,13,22.53885726,male,HEW10,15.6.2010,0,0,1,0,0,0,0,0,NA,NA,NA,NA,NA,NA,,
3164,Lithobiomorpha,Lithobiidae,Lithobius_sp,adult,8,7.279457173,NA,HEW10,15.6.2010,0,0,0,0,1,0,0,0,NA,NA,NA,NA,NA,NA,,
3165,Lithobiomorpha,Lithobiidae,Lithobius_mutabilis,adult,15,31.4486695,male,HEW10,15.6.2010,0,0,0,0,0,0,0,0,NA,NA,NA,NA,NA,NA,,
3166,Lithobiomorpha,Lithobiidae,Lithobius_crassipes,adult,8,7.279457173,male,HEW10,15.6.2010,0,0,0,0,0,0,0,1,0,0,0,0,0,NA,,
3167,Lithobiomorpha,Lithobiidae,Lithobius_curtipes,adult,11,15.27726276,male,HEW10,15.6.2010,0,0,0,0,1,0,0,1,0,0,0,0,0,NA,,
3169,Lithobiomorpha,Lithobiidae,Lithobius_sp,subadult,7,5.334614259,male,HEW10,15.6.2010,0,0,0,0,0,0,0,0,0,0,0,0,0,NA,,
3170,Lithobiomorpha,Lithobiidae,Lithobius_mutabilis,adult,10,12.23742378,male,HEW10,15.6.2010,0,0,0,0,0,0,0,0,NA,NA,NA,NA,NA,NA,,
3171,Lithobiomorpha,Lithobiidae,Lithobius_mutabilis,subadult,7,5.334614259,male,HEW10,15.6.2010,0,0,0,0,0,0,0,0,NA,NA,NA,NA,NA,NA,,
3172,Lithobiomorpha,Lithobiidae,Lithobius_mutabilis,subadult,7,5.334614259,male,HEW10,15.6.2010,0,0,0,1,0,0,0,0,NA,NA,NA,NA,NA,NA,,
3173,Lithobiomorpha,Lithobiidae,Lithobius_sp,subadult,5,2.437475925,NA,HEW10,15.6.2010,0,0,0,0,0,0,0,1,0,0,0,0,0,NA,,
3174,Lithobiomorpha,Lithobiidae,Lithobius_sp,subadult,5,2.437475925,NA,HEW10,15.6.2010,0,0,0,0,1,0,0,0,NA,NA,NA,NA,NA,NA,,
3176,Lithobiomorpha,Lithobiidae,Lithobius_sp,subadult,6,3.72616092,male,HEW10,15.6.2010,0,0,0,0,0,0,0,0,NA,NA,NA,NA,NA,NA,,
3177,Lithobiomorpha,Lithobiidae,Lithobius_mutabilis,adult,12,18.70730693,female,HEW10,15.6.2010,0,0,0,0,0,0,0,0,NA,NA,NA,NA,NA,NA,,
3178,Lithobiomorpha,Lithobiidae,Lithobius_mutabilis,adult,11,15.27726276,male,HEW10,15.6.2010,0,0,0,0,0,0,0,0,NA,NA,NA,NA,NA,NA,,
3180,Lithobiomorpha,Lithobiidae,Lithobius_mutabilis,adult,10,12.23742378,male,HEW10,15.6.2010,0,1,0,0,0,0,0,0,0,0,0,0,0,NA,,
3182,Lithobiomorpha,Lithobiidae,Lithobius_mutabilis,adult,10,12.23742378,male,HEW10,15.6.2010,0,0,0,0,0,0,0,0,0,0,0,0,0,NA,,
3183,Lithobiomorpha,Lithobiidae,Lithobius_muticus,adult,10,12.23742378,male,HEW10,15.6.2010,0,1,0,0,0,0,0,0,0,0,0,0,0,NA,,
3202,Lithobiomorpha,Lithobiidae,Lithobius_crassipes,adult,7,5.334614259,male,HEW11,15.6.2010,0,0,0,0,0,0,0,0,0,0,0,0,0,NA,,
3204,Lithobiomorpha,Lithobiidae,Lithobius_crassipes,subadult,5,2.437475925,female,HEW11,15.6.2010,0,0,0,0,0,0,0,0,0,0,0,0,0,NA,,
3205,Lithobiomorpha,Lithobiidae,Lithobius_sp,subadult,5,2.437475925,NA,HEW11,15.6.2010,0,0,0,0,0,0,0,0,NA,NA,NA,NA,NA,NA,,
3206,Lithobiomorpha,Lithobiidae,Lithobius_sp,subadult,5,2.437475925,NA,HEW11,15.6.2010,0,0,0,0,0,0,0,1,0,1,0,0,0,NA,,
3207,Lithobiomorpha,Lithobiidae,Lithobius_aulacopus,adult,9,9.575773902,male,HEW11,15.6.2010,0,0,0,0,0,0,0,1,0,1,0,0,0,NA,,
3208,Lithobiomorpha,Lithobiidae,Lithobius_crassipes,subadult,5,2.437475925,male,HEW11,15.6.2010,0,0,0,0,0,0,0,1,0,0,0,0,0,NA,,
3209,Lithobiomorpha,Lithobiidae,Lithobius_mutabilis,adult,12,18.70730693,female,HEW11,15.6.2010,0,0,0,0,0,0,0,1,0,0,0,0,0,NA,,
3210,Lithobiomorpha,Lithobiidae,Lithobius_sp,subadult,6,3.72616092,NA,HEW11,15.6.2010,1,0,0,0,0,0,0,0,0,0,0,0,0,NA,,
3211,Lithobiomorpha,Lithobiidae,Lithobius_mutabilis,adult,10,12.23742378,male,HEW11,15.6.2010,0,0,0,0,0,0,0,0,0,0,0,0,0,NA,,
3212,Lithobiomorpha,Lithobiidae,Lithobius_crassipes,adult,7,5.334614259,male,HEW11,15.6.2010,0,0,0,0,0,0,0,0,0,0,0,0,0,NA,,
3213,Lithobiomorpha,Lithobiidae,Lithobius_sp,subadult,6,3.72616092,male,HEW11,15.6.2010,0,0,0,0,0,0,0,0,0,0,0,0,0,NA,,
3214,Lithobiomorpha,Lithobiidae,Lithobius_mutabilis,adult,15,31.4486695,male,HEW11,15.6.2010,0,0,0,0,0,0,0,0,NA,NA,NA,NA,NA,NA,,
3215,Lithobiomorpha,Lithobiidae,Lithobius_nodulipes,adult,10,12.23742378,male,HEW11,15.6.2010,0,0,0,0,0,0,0,0,NA,NA,NA,NA,NA,NA,,
3216,Lithobiomorpha,Lithobiidae,Lithobius_crassipes,adult,7,5.334614259,male,HEW11,15.6.2010,0,0,0,0,1,0,0,1,0,1,0,0,0,NA,,
3217,Lithobiomorpha,Lithobiidae,Lithobius_mutabilis,adult,10,12.23742378,female,HEW11,15.6.2010,0,0,0,0,0,0,0,0,0,0,0,0,0,NA,,
3218,Lithobiomorpha,Lithobiidae,Lithobius_sp,subadult,5,2.437475925,NA,HEW11,15.6.2010,0,0,0,0,0,0,0,1,0,0,0,0,0,NA,,
3219,Lithobiomorpha,Lithobiidae,Lithobius_mutabilis,adult,13,22.53885726,male,HEW11,15.6.2010,0,0,0,0,0,0,0,1,0,1,0,0,0,NA,,
3220,Lithobiomorpha,Lithobiidae,Lithobius_sp,adult,10,12.23742378,NA,HEW11,15.6.2010,0,0,0,0,0,0,0,0,0,0,0,0,0,NA,,
3221,Lithobiomorpha,Lithobiidae,Lithobius_sp,subadult,5,2.437475925,NA,HEW11,15.6.2010,0,1,0,1,0,0,0,1,0,1,0,0,0,NA,,
3327,Lithobiomorpha,Lithobiidae,Lithobius_mutabilis,subadult,9,9.575773902,male,HEW12,15.6.2010,0,0,0,1,0,0,0,1,0,0,0,0,0,NA,,
3330,Lithobiomorpha,Lithobiidae,Lithobius_sp,subadult,5,2.437475925,NA,HEW12,15.6.2010,0,0,0,0,0,0,0,0,NA,NA,NA,NA,NA,NA,,
3331,Lithobiomorpha,Lithobiidae,Lithobius_muticus,adult,13,22.53885726,male,HEW12,15.6.2010,0,1,0,1,0,0,0,0,0,0,0,0,0,NA,,
3332,Lithobiomorpha,Lithobiidae,Lithobius_crassipes,adult,7,5.334614259,male,HEW12,15.6.2010,0,1,0,0,0,0,0,0,NA,NA,NA,NA,NA,NA,,
3333,Lithobiomorpha,Lithobiidae,Lithobius_crassipes,adult,7,5.334614259,male,HEW12,15.6.2010,0,0,0,0,0,0,0,0,NA,NA,NA,NA,NA,NA,,
3334,Lithobiomorpha,Lithobiidae,Lithobius_mutabilis,adult,10,12.23742378,female,HEW12,15.6.2010,0,0,0,0,0,0,0,0,NA,NA,NA,NA,NA,NA,,
3335,Lithobiomorpha,Lithobiidae,Lithobius_sp,subadult,5,2.437475925,NA,HEW12,15.6.2010,0,0,0,0,0,0,0,0,NA,NA,NA,NA,NA,NA,,
3336,Lithobiomorpha,Lithobiidae,Lithobius_mutabilis,adult,10,12.23742378,female,HEW12,15.6.2010,0,0,0,1,0,0,0,1,0,0,0,0,0,NA,,
3337,Lithobiomorpha,Lithobiidae,Lithobius_mutabilis,adult,10,12.23742378,male,HEW12,15.6.2010,0,0,1,0,0,0,0,0,0,0,0,0,0,NA,,
3338,Lithobiomorpha,Lithobiidae,Lithobius_muticus,adult,10,12.23742378,female,HEW12,15.6.2010,0,0,0,1,0,0,0,0,NA,NA,NA,NA,NA,NA,,
3339,Lithobiomorpha,Lithobiidae,Lithobius_sp,subadult,5,2.437475925,NA,HEW12,15.6.2010,0,0,0,0,0,0,0,0,NA,NA,NA,NA,NA,NA,,
3340,Lithobiomorpha,Lithobiidae,Lithobius_sp,subadult,5,2.437475925,NA,HEW12,15.6.2010,0,0,0,0,0,0,0,1,0,0,0,1,0,NA,,
3341,Lithobiomorpha,Lithobiidae,Lithobius_nodulipes,adult,10,12.23742378,male,HEW12,15.6.2010,0,0,0,0,0,0,0,1,0,0,0,0,0,NA,,
3343,Lithobiomorpha,Lithobiidae,Lithobius_mutabilis,subadult,7,5.334614259,female,HEW12,15.6.2010,0,0,0,0,0,0,0,1,0,0,0,0,0,NA,,
3344,Lithobiomorpha,Lithobiidae,Lithobius_mutabilis,subadult,8,7.279457173,male,HEW12,15.6.2010,0,0,0,0,0,0,0,0,0,0,0,0,0,NA,,
3345,Lithobiomorpha,Lithobiidae,Lithobius_mutabilis,subadult,9,9.575773902,male,HEW12,15.6.2010,0,0,0,0,0,0,1,0,0,0,0,0,0,NA,,
3346,Lithobiomorpha,Lithobiidae,Lithobius_crassipes,adult,7,5.334614259,female,HEW12,15.6.2010,0,0,0,0,0,0,0,0,NA,NA,NA,NA,NA,NA,,
3405,Lithobiomorpha,Lithobiidae,Lithobius_crassipes,adult,7,5.334614259,male,HEW36,15.6.2010,0,0,0,0,0,0,0,0,NA,NA,NA,NA,NA,NA,,
3406,Lithobiomorpha,Lithobiidae,Lithobius_crassipes,adult,10,12.23742378,female,HEW36,15.6.2010,0,0,0,0,1,0,0,1,0,0,0,0,0,NA,,
3407,Lithobiomorpha,Lithobiidae,Lithobius_crassipes,adult,7,5.334614259,female,HEW36,15.6.2010,0,0,0,0,0,0,0,0,NA,NA,NA,NA,NA,NA,,
3408,Lithobiomorpha,Lithobiidae,Lithobius_sp,subadult,5,2.437475925,NA,HEW36,15.6.2010,0,0,0,0,1,0,0,0,NA,NA,NA,NA,NA,NA,,
3409,Lithobiomorpha,Lithobiidae,Lithobius_sp,subadult,6,3.72616092,NA,HEW36,15.6.2010,0,0,0,0,0,0,0,0,NA,NA,NA,NA,NA,NA,,
3410,Lithobiomorpha,Lithobiidae,Lithobius_crassipes,adult,6,3.72616092,female,HEW36,15.6.2010,0,0,0,0,1,0,0,0,NA,NA,NA,NA,NA,NA,,
3412,Lithobiomorpha,Lithobiidae,Lithobius_crassipes,adult,6,3.72616092,female,HEW36,15.6.2010,0,0,0,0,0,0,0,0,NA,NA,NA,NA,NA,NA,,
3413,Lithobiomorpha,Lithobiidae,Lithobius_crassipes,adult,7,5.334614259,female,HEW36,15.6.2010,0,0,0,1,0,0,0,0,NA,NA,NA,NA,NA,NA,,
3414,Lithobiomorpha,Lithobiidae,Lithobius_sp,subadult,5,2.437475925,NA,HEW36,15.6.2010,0,0,0,0,0,0,0,1,0,0,0,0,0,NA,,
3415,Lithobiomorpha,Lithobiidae,Lithobius_crassipes,adult,7,5.334614259,male,HEW36,15.6.2010,0,0,0,0,0,0,0,1,0,0,0,0,0,NA,,
3416,Lithobiomorpha,Lithobiidae,Lithobius_crassipes,adult,7,5.334614259,male,HEW36,15.6.2010,0,0,0,0,0,0,0,1,0,0,0,0,0,NA,,
3417,Lithobiomorpha,Lithobiidae,Lithobius_sp,subadult,5,2.437475925,NA,HEW36,15.6.2010,0,0,0,0,0,0,0,0,NA,NA,NA,NA,NA,NA,,
3418,Lithobiomorpha,Lithobiidae,Lithobius_crassipes,adult,7,5.334614259,NA,HEW36,15.6.2010,0,0,0,0,1,0,0,0,NA,NA,NA,NA,NA,NA,,
3419,Lithobiomorpha,Lithobiidae,Lithobius_mutabilis,subadult,6,3.72616092,NA,HEW36,15.6.2010,0,0,0,0,0,0,0,0,NA,NA,NA,NA,NA,NA,,
3420,Lithobiomorpha,Lithobiidae,Lithobius_sp,subadult,5,2.437475925,NA,HEW36,15.6.2010,0,0,0,0,0,0,0,0,NA,NA,NA,NA,NA,NA,,
3421,Lithobiomorpha,Lithobiidae,Lithobius_mutabilis,subadult,7,5.334614259,NA,HEW36,15.6.2010,0,0,0,0,0,0,0,0,NA,NA,NA,NA,NA,NA,,
3422,Lithobiomorpha,Lithobiidae,Lithobius_sp,subadult,6,3.72616092,NA,HEW36,15.6.2010,0,0,0,0,0,1,0,0,NA,NA,NA,NA,NA,NA,,
3423,Lithobiomorpha,Lithobiidae,Lithobius_crassipes,adult,8,7.279457173,female,HEW36,15.6.2010,0,0,0,1,0,0,0,0,NA,NA,NA,NA,NA,NA,,
3424,Lithobiomorpha,Lithobiidae,Lithobius_sp,subadult,5,2.437475925,NA,HEW36,15.6.2010,0,0,0,0,0,0,0,0,NA,NA,NA,NA,NA,NA,,
3528,Lithobiomorpha,Lithobiidae,Lithobius_sp,subadult,5,2.437475925,NA,HEW10,24.6.2010,0,0,0,0,0,0,0,1,0,0,0,0,0,NA,,
3529,Lithobiomorpha,Lithobiidae,Lithobius_crassipes,adult,7,5.334614259,female,HEW10,24.6.2010,0,0,0,0,1,0,0,1,0,1,0,0,0,NA,,
3530,Lithobiomorpha,Lithobiidae,Lithobius_mutabilis,adult,12,18.70730693,female,HEW10,24.6.2010,0,0,0,0,0,0,0,0,NA,NA,NA,NA,NA,NA,,
3531,Lithobiomorpha,Lithobiidae,Lithobius_mutabilis,adult,10,12.23742378,female,HEW10,24.6.2010,0,0,0,0,0,0,0,0,NA,NA,NA,NA,NA,NA,,
3532,Lithobiomorpha,Lithobiidae,Lithobius_sp,subadult,5,2.437475925,NA,HEW10,24.6.2010,0,0,0,0,0,0,0,0,NA,NA,NA,NA,NA,NA,,
3533,Lithobiomorpha,Lithobiidae,Lithobius_mutabilis,adult,10,12.23742378,female,HEW10,24.6.2010,0,0,1,0,0,0,0,1,0,0,0,0,0,NA,,
3534,Lithobiomorpha,Lithobiidae,Lithobius_sp,subadult,5,2.437475925,NA,HEW10,24.6.2010,0,0,0,0,1,0,0,0,NA,NA,NA,NA,NA,NA,,
3535,Lithobiomorpha,Lithobiidae,Lithobius_mutabilis,adult,11,15.27726276,female,HEW10,24.6.2010,0,0,0,0,0,0,0,0,NA,NA,NA,NA,NA,NA,,
3537,Lithobiomorpha,Lithobiidae,Lithobius_nodulipes,adult,10,12.23742378,male,HEW10,24.6.2010,0,0,0,0,0,0,0,0,NA,NA,NA,NA,NA,NA,,
3538,Lithobiomorpha,Lithobiidae,Lithobius_mutabilis,adult,10,12.23742378,female,HEW10,24.6.2010,0,0,0,0,1,0,0,0,0,0,0,0,0,NA,,
3539,Lithobiomorpha,Lithobiidae,Lithobius_mutabilis,adult,10,12.23742378,male,HEW10,24.6.2010,0,0,0,0,0,0,0,0,NA,NA,NA,NA,NA,NA,,
3540,Lithobiomorpha,Lithobiidae,Lithobius_crassipes,adult,6,3.72616092,NA,HEW10,24.6.2010,0,0,0,0,0,0,0,0,NA,NA,NA,NA,NA,NA,,
3541,Lithobiomorpha,Lithobiidae,Lithobius_mutabilis,adult,10,12.23742378,NA,HEW10,24.6.2010,0,0,1,1,0,0,0,0,NA,NA,NA,NA,NA,NA,,
3542,Lithobiomorpha,Lithobiidae,Lithobius_mutabilis,adult,12,18.70730693,male,HEW10,24.6.2010,0,0,0,0,0,0,0,0,NA,NA,NA,NA,NA,NA,,
3543,Lithobiomorpha,Lithobiidae,Lithobius_sp,subadult,5,2.437475925,NA,HEW10,24.6.2010,0,0,0,0,0,0,0,0,NA,NA,NA,NA,NA,NA,,
3544,Lithobiomorpha,Lithobiidae,Lithobius_sp,subadult,5,2.437475925,NA,HEW10,24.6.2010,0,1,0,0,0,0,0,0,NA,NA,NA,NA,NA,NA,,
3545,Lithobiomorpha,Lithobiidae,Lithobius_mutabilis,adult,12,18.70730693,male,HEW10,24.6.2010,0,0,0,0,0,0,0,0,NA,NA,NA,NA,NA,NA,,
3546,Lithobiomorpha,Lithobiidae,Lithobius_sp,subadult,5,2.437475925,NA,HEW10,24.6.2010,0,0,0,0,0,0,0,0,NA,NA,NA,NA,NA,NA,,
3547,Lithobiomorpha,Lithobiidae,Lithobius_mutabilis,adult,10,12.23742378,female,HEW10,24.6.2010,0,0,0,0,0,0,0,0,NA,NA,NA,NA,NA,NA,,
3595,Lithobiomorpha,Lithobiidae,Lithobius_crassipes,adult,7,5.334614259,male,HEW11,24.6.2010,0,0,0,0,0,0,0,0,NA,NA,NA,NA,NA,NA,,
3596,Lithobiomorpha,Lithobiidae,Lithobius_sp,subadult,5,2.437475925,NA,HEW11,24.6.2010,0,0,0,0,0,0,0,1,0,0,0,1,0,NA,,
3597,Lithobiomorpha,Lithobiidae,Lithobius_crassipes,adult,7,5.334614259,male,HEW11,24.6.2010,0,0,0,0,0,0,0,0,NA,NA,NA,NA,NA,NA,,
3598,Lithobiomorpha,Lithobiidae,Lithobius_sp,adult,9,9.575773902,NA,HEW11,24.6.2010,0,0,0,0,0,0,0,1,0,0,0,0,0,NA,,
3599,Lithobiomorpha,Lithobiidae,Lithobius_crassipes,adult,8,7.279457173,male,HEW11,24.6.2010,0,0,0,0,0,0,0,0,NA,NA,NA,NA,NA,NA,,
3600,Lithobiomorpha,Lithobiidae,Lithobius_nodulipes,adult,10,12.23742378,female,HEW11,24.6.2010,0,0,0,0,0,0,0,0,NA,NA,NA,NA,NA,NA,,
3601,Lithobiomorpha,Lithobiidae,Lithobius_mutabilis,adult,10,12.23742378,female,HEW11,24.6.2010,0,0,0,1,0,0,0,0,NA,NA,NA,NA,NA,NA,,
3602,Lithobiomorpha,Lithobiidae,Lithobius_sp,subadult,5,2.437475925,NA,HEW11,24.6.2010,0,0,0,0,0,0,0,0,NA,NA,NA,NA,NA,NA,,
3603,Lithobiomorpha,Lithobiidae,Lithobius_mutabilis,adult,14,26.782597,female,HEW11,24.6.2010,0,0,0,0,0,0,0,0,NA,NA,NA,NA,NA,NA,,
3604,Lithobiomorpha,Lithobiidae,Lithobius_piceus,adult,14,26.782597,female,HEW11,24.6.2010,0,0,0,0,0,0,0,0,NA,NA,NA,NA,NA,NA,,
3605,Lithobiomorpha,Lithobiidae,Lithobius_sp,subadult,5,2.437475925,NA,HEW11,24.6.2010,0,0,0,0,0,0,0,0,NA,NA,NA,NA,NA,NA,,
3606,Lithobiomorpha,Lithobiidae,Lithobius_crassipes,adult,7,5.334614259,female,HEW11,24.6.2010,0,0,0,0,0,0,0,0,NA,NA,NA,NA,NA,NA,,
3607,Lithobiomorpha,Lithobiidae,Lithobius_sp,subadult,5,2.437475925,NA,HEW11,24.6.2010,0,0,0,0,0,0,0,0,NA,NA,NA,NA,NA,NA,,
3608,Lithobiomorpha,Lithobiidae,Lithobius_crassipes,adult,7,5.334614259,NA,HEW11,24.6.2010,0,0,0,0,0,0,0,0,NA,NA,NA,NA,NA,NA,,
3609,Lithobiomorpha,Lithobiidae,Lithobius_sp,subadult,6,3.72616092,NA,HEW11,24.6.2010,0,0,0,0,1,0,0,0,NA,NA,NA,NA,NA,NA,,
3610,Lithobiomorpha,Lithobiidae,Lithobius_sp,subadult,5,2.437475925,NA,HEW11,24.6.2010,0,0,0,0,0,0,0,1,0,0,0,0,0,NA,,
3611,Lithobiomorpha,Lithobiidae,Lithobius_mutabilis,adult,13,22.53885726,male,HEW11,24.6.2010,0,0,0,0,0,0,0,1,NA,NA,NA,NA,NA,NA,,
3612,Lithobiomorpha,Lithobiidae,Lithobius_sp,subadult,5,2.437475925,NA,HEW11,24.6.2010,0,0,0,0,0,0,0,0,NA,NA,NA,NA,NA,NA,,
3614,Lithobiomorpha,Lithobiidae,Lithobius_sp,subadult,5,2.437475925,NA,HEW11,24.6.2010,0,0,0,0,0,0,0,0,NA,NA,NA,NA,NA,NA,,
3679,Lithobiomorpha,Lithobiidae,Lithobius_sp,subadult,7,5.334614259,NA,HEW12,24.6.2010,0,0,0,0,0,0,0,0,NA,NA,NA,NA,NA,NA,,
3680,Lithobiomorpha,Lithobiidae,Lithobius_sp,subadult,5,2.437475925,NA,HEW12,24.6.2010,0,0,0,0,0,0,0,1,0,0,0,0,0,NA,,
3682,Lithobiomorpha,Lithobiidae,Lithobius_sp,subadult,5,2.437475925,NA,HEW12,24.6.2010,0,0,0,0,0,0,0,0,NA,NA,NA,NA,NA,NA,,
3683,Lithobiomorpha,Lithobiidae,Lithobius_sp,subadult,5,2.437475925,NA,HEW12,24.6.2010,0,0,0,0,0,0,0,0,NA,NA,NA,NA,NA,NA,,
3686,Lithobiomorpha,Lithobiidae,Lithobius_crassipes,adult,6,3.72616092,NA,HEW12,24.6.2010,0,1,0,0,0,0,0,0,NA,NA,NA,NA,NA,NA,,
3688,Lithobiomorpha,Lithobiidae,Lithobius_crassipes,adult,8,7.279457173,male,HEW12,24.6.2010,0,0,0,0,0,0,0,0,NA,NA,NA,NA,NA,NA,,
3693,Lithobiomorpha,Lithobiidae,Lithobius_crassipes,adult,7,5.334614259,male,HEW12,24.6.2010,0,0,0,0,0,0,0,0,NA,NA,NA,NA,NA,NA,,
3696,Lithobiomorpha,Lithobiidae,Lithobius_sp,subadult,8,7.279457173,NA,HEW12,24.6.2010,0,0,1,1,0,0,1,0,NA,NA,NA,NA,NA,NA,,
3697,Lithobiomorpha,Lithobiidae,Lithobius_crassipes,adult,6,3.72616092,male,HEW12,24.6.2010,0,0,0,0,0,0,0,0,NA,NA,NA,NA,NA,NA,,
3767,Lithobiomorpha,Lithobiidae,Lithobius_crassipes,adult,6,3.72616092,NA,HEW36,24.6.2010,0,0,0,0,0,0,0,0,NA,NA,NA,NA,NA,NA,,
3768,Lithobiomorpha,Lithobiidae,Lithobius_sp,subadult,5,2.437475925,NA,HEW36,24.6.2010,0,0,0,0,0,0,0,0,NA,NA,NA,NA,NA,NA,,
3770,Lithobiomorpha,Lithobiidae,Lithobius_nodulipes,adult,11,15.27726276,female,HEW36,24.6.2010,0,0,0,0,0,0,0,0,NA,NA,NA,NA,NA,NA,,
3771,Lithobiomorpha,Lithobiidae,Lithobius_mutabilis,subadult,7,5.334614259,female,HEW36,24.6.2010,0,0,1,0,0,0,0,0,NA,NA,NA,NA,NA,NA,,
3780,Lithobiomorpha,Lithobiidae,Lithobius_sp,subadult,5,2.437475925,NA,HEW36,24.6.2010,0,0,0,0,0,0,1,0,NA,NA,NA,NA,NA,NA,,
3783,Lithobiomorpha,Lithobiidae,Lithobius_mutabilis,subadult,6,3.72616092,NA,HEW36,24.6.2010,0,0,0,1,0,0,1,0,NA,NA,NA,NA,NA,NA,,
3784,Lithobiomorpha,Lithobiidae,Lithobius_nodulipes,adult,10,12.23742378,male,HEW36,24.6.2010,0,0,0,1,0,0,1,1,NA,NA,NA,NA,NA,NA,,
3786,Lithobiomorpha,Lithobiidae,Lithobius_mutabilis,adult,10,12.23742378,male,HEW36,24.6.2010,0,0,0,0,0,0,0,0,NA,NA,NA,NA,NA,NA,,
3815,Lithobiomorpha,Lithobiidae,Lithobius_crassipes,adult,8,7.279457173,NA,HEW10,29.6.2010,0,0,0,0,0,0,0,0,NA,NA,NA,NA,NA,NA,,
3816,Lithobiomorpha,Lithobiidae,Lithobius_sp,subadult,5,2.437475925,NA,HEW10,29.6.2010,0,0,0,0,0,0,0,0,NA,NA,NA,NA,NA,NA,,
3818,Lithobiomorpha,Lithobiidae,Lithobius_melanops,adult,11,15.27726276,male,HEW10,29.6.2010,0,0,0,0,0,0,0,0,NA,NA,NA,NA,NA,NA,,
3819,Lithobiomorpha,Lithobiidae,Lithobius_melanops,adult,11,15.27726276,female,HEW10,29.6.2010,0,0,0,0,0,0,0,0,NA,NA,NA,NA,NA,NA,,
3820,Lithobiomorpha,Lithobiidae,Lithobius_crassipes,adult,7,5.334614259,male,HEW10,29.6.2010,0,0,1,0,0,0,0,0,NA,NA,NA,NA,NA,NA,,
3821,Lithobiomorpha,Lithobiidae,Lithobius_sp,subadult,6,3.72616092,male,HEW10,29.6.2010,0,0,0,0,0,0,0,0,0,0,0,0,0,NA,,
3823,Lithobiomorpha,Lithobiidae,Lithobius_mutabilis,adult,11,15.27726276,female,HEW10,29.6.2010,0,0,0,0,0,0,0,1,0,0,0,0,0,NA,,
3825,Lithobiomorpha,Lithobiidae,Lithobius_crassipes,adult,8,7.279457173,male,HEW10,29.6.2010,0,0,0,0,0,0,0,0,NA,NA,NA,NA,NA,NA,,
3826,Lithobiomorpha,Lithobiidae,Lithobius_crassipes,adult,8,7.279457173,male,HEW10,29.6.2010,0,0,0,0,0,0,0,0,NA,NA,NA,NA,NA,NA,,
3827,Lithobiomorpha,Lithobiidae,Lithobius_mutabilis,adult,11,15.27726276,female,HEW10,29.6.2010,0,0,0,0,0,0,0,0,NA,NA,NA,NA,NA,NA,,
3828,Lithobiomorpha,Lithobiidae,Lithobius_mutabilis,adult,11,15.27726276,female,HEW10,29.6.2010,0,0,0,0,0,0,0,0,NA,NA,NA,NA,NA,NA,,
3829,Lithobiomorpha,Lithobiidae,Lithobius_mutabilis,adult,10,12.23742378,female,HEW10,29.6.2010,0,0,0,0,0,0,1,0,NA,NA,NA,NA,NA,NA,,
3830,Lithobiomorpha,Lithobiidae,Lithobius_crassipes,adult,8,7.279457173,male,HEW10,29.6.2010,0,0,0,0,0,1,0,0,NA,NA,NA,NA,NA,NA,,
3831,Lithobiomorpha,Lithobiidae,Lithobius_crassipes,adult,8,7.279457173,male,HEW10,29.6.2010,0,0,1,0,0,0,0,0,NA,NA,NA,NA,NA,NA,,
3833,Lithobiomorpha,Lithobiidae,Lithobius_mutabilis,adult,12,18.70730693,female,HEW10,29.6.2010,0,0,0,0,0,1,0,0,NA,NA,NA,NA,NA,NA,,
3872,Lithobiomorpha,Lithobiidae,Lithobius_crassipes,adult,6,3.72616092,female,HEW11,29.6.2010,0,0,0,0,0,0,0,0,NA,NA,NA,NA,NA,NA,,
3873,Lithobiomorpha,Lithobiidae,Lithobius_sp,subadult,5,2.437475925,NA,HEW11,29.6.2010,0,0,0,0,0,0,0,0,NA,NA,NA,NA,NA,NA,,
3874,Lithobiomorpha,Lithobiidae,Lithobius_sp,subadult,5,2.437475925,NA,HEW11,29.6.2010,0,0,0,0,0,0,0,0,NA,NA,NA,NA,NA,NA,,
3875,Lithobiomorpha,Lithobiidae,Lithobius_sp,subadult,6,3.72616092,NA,HEW11,29.6.2010,0,0,0,0,0,0,0,0,NA,NA,NA,NA,NA,NA,,
3876,Lithobiomorpha,Lithobiidae,Lithobius_sp,subadult,6,3.72616092,NA,HEW11,29.6.2010,0,0,0,0,0,0,0,0,NA,NA,NA,NA,NA,NA,,
3877,Lithobiomorpha,Lithobiidae,Lithobius_mutabilis,adult,10,12.23742378,male,HEW11,29.6.2010,0,0,1,0,0,0,0,0,NA,NA,NA,NA,NA,NA,,
3878,Lithobiomorpha,Lithobiidae,Lithobius_mutabilis,subadult,6,3.72616092,NA,HEW11,29.6.2010,0,0,0,0,0,0,0,0,NA,NA,NA,NA,NA,NA,,
3879,Lithobiomorpha,Lithobiidae,Lithobius_mutabilis,subadult,7,5.334614259,NA,HEW11,29.6.2010,0,0,0,0,0,0,0,0,NA,NA,NA,NA,NA,NA,,
3880,Lithobiomorpha,Lithobiidae,Lithobius_mutabilis,subadult,7,5.334614259,NA,HEW11,29.6.2010,0,0,0,0,0,0,0,0,NA,NA,NA,NA,NA,NA,,
3881,Lithobiomorpha,Lithobiidae,Lithobius_sp,subadult,5,2.437475925,NA,HEW11,29.6.2010,0,0,0,0,0,0,0,0,NA,NA,NA,NA,NA,NA,,
3882,Lithobiomorpha,Lithobiidae,Lithobius_crassipes,adult,7,5.334614259,female,HEW11,29.6.2010,0,0,0,0,0,0,0,0,NA,NA,NA,NA,NA,NA,,
3883,Lithobiomorpha,Lithobiidae,Lithobius_mutabilis,adult,14,26.782597,male,HEW11,29.6.2010,0,0,0,1,0,0,0,1,0,0,0,0,0,NA,,
3888,Lithobiomorpha,Lithobiidae,Lithobius_mutabilis,adult,11,15.27726276,male,HEW11,29.6.2010,0,0,0,1,0,0,0,0,NA,NA,NA,NA,NA,NA,,
3890,Lithobiomorpha,Lithobiidae,Lithobius_sp,subadult,6,3.72616092,NA,HEW11,29.6.2010,0,0,0,0,0,0,0,0,NA,NA,NA,NA,NA,NA,,
3917,Lithobiomorpha,Lithobiidae,Lithobius_sp,subadult,6,3.72616092,NA,HEW12,29.6.2010,0,0,0,0,0,0,0,0,NA,NA,NA,NA,NA,NA,,
3918,Lithobiomorpha,Lithobiidae,Lithobius_crassipes,adult,10,12.23742378,male,HEW12,29.6.2010,0,0,0,1,0,0,0,0,NA,NA,NA,NA,NA,NA,,
3919,Lithobiomorpha,Lithobiidae,Lithobius_crassipes,adult,6,3.72616092,male,HEW12,29.6.2010,0,0,0,0,0,0,0,0,NA,NA,NA,NA,NA,NA,,
3920,Lithobiomorpha,Lithobiidae,Lithobius_sp,subadult,5,2.437475925,NA,HEW12,29.6.2010,0,0,0,0,0,0,0,0,NA,NA,NA,NA,NA,NA,,
3921,Lithobiomorpha,Lithobiidae,Lithobius_mutabilis,subadult,6,3.72616092,male,HEW12,29.6.2010,0,1,0,0,0,0,0,0,NA,NA,NA,NA,NA,NA,,
3922,Lithobiomorpha,Lithobiidae,Lithobius_sp,subadult,5,2.437475925,NA,HEW12,29.6.2010,0,0,0,0,0,0,0,0,NA,NA,NA,NA,NA,NA,,
3923,Lithobiomorpha,Lithobiidae,Lithobius_sp,subadult,2,0.288801647,NA,HEW12,29.6.2010,0,0,0,1,0,0,0,0,NA,NA,NA,NA,NA,NA,,
3924,Lithobiomorpha,Lithobiidae,Lithobius_sp,subadult,3,0.742184605,NA,HEW12,29.6.2010,0,0,0,0,0,0,0,1,0,1,0,0,0,NA,,
3925,Lithobiomorpha,Lithobiidae,Lithobius_sp,subadult,3,0.742184605,NA,HEW12,29.6.2010,0,0,0,0,0,0,0,0,NA,NA,NA,NA,NA,NA,,
3926,Lithobiomorpha,Lithobiidae,Lithobius_sp,subadult,4,1.44993766,NA,HEW12,29.6.2010,0,0,0,0,0,0,0,0,NA,NA,NA,NA,NA,NA,,
3927,Lithobiomorpha,Lithobiidae,Lithobius_sp,subadult,6,3.72616092,NA,HEW12,29.6.2010,0,0,0,0,0,0,0,0,NA,NA,NA,NA,NA,NA,,
3928,Lithobiomorpha,Lithobiidae,Lithobius_mutabilis,subadult,7,5.334614259,male,HEW12,29.6.2010,0,0,0,0,0,0,0,1,NA,NA,NA,NA,NA,NA,,
3929,Lithobiomorpha,Lithobiidae,Lithobius_sp,subadult,4,1.44993766,NA,HEW12,29.6.2010,0,0,0,0,0,0,0,0,NA,NA,NA,NA,NA,NA,,
3930,Lithobiomorpha,Lithobiidae,Lithobius_muticus,subadult,6,3.72616092,male,HEW12,29.6.2010,0,0,0,0,0,0,0,0,NA,NA,NA,NA,NA,NA,,
3931,Lithobiomorpha,Lithobiidae,Lithobius_muticus,subadult,15,31.4486695,male,HEW12,29.6.2010,0,0,0,0,0,0,0,0,NA,NA,NA,NA,NA,NA,,
3932,Lithobiomorpha,Lithobiidae,Lithobius_mutabilis,subadult,8,7.279457173,male,HEW12,29.6.2010,0,0,0,0,0,0,0,0,NA,NA,NA,NA,NA,NA,,
3933,Lithobiomorpha,Lithobiidae,Lithobius_mutabilis,subadult,6,3.72616092,male,HEW12,29.6.2010,0,0,0,0,0,0,0,0,NA,NA,NA,NA,NA,NA,,
3934,Lithobiomorpha,Lithobiidae,Lithobius_mutabilis,adult,10,12.23742378,male,HEW12,29.6.2010,0,0,0,0,0,0,0,0,NA,NA,NA,NA,NA,NA,,
3935,Lithobiomorpha,Lithobiidae,Lithobius_mutabilis,adult,11,15.27726276,male,HEW12,29.6.2010,0,0,0,0,0,0,0,0,NA,NA,NA,NA,NA,NA,,
3936,Lithobiomorpha,Lithobiidae,Lithobius_mutabilis,subadult,8,7.279457173,male,HEW12,29.6.2010,0,0,0,0,0,0,0,1,0,0,0,1,0,NA,,
3985,Lithobiomorpha,Lithobiidae,Lithobius_mutabilis,subadult,8,7.279457173,male,HEW36,29.6.2010,0,0,0,0,0,0,0,1,NA,NA,NA,NA,NA,NA,,
3986,Lithobiomorpha,Lithobiidae,Lithobius_mutabilis,subadult,8,7.279457173,male,HEW36,29.6.2010,0,0,0,0,0,0,0,1,NA,NA,NA,NA,NA,NA,,
3987,Lithobiomorpha,Lithobiidae,Lithobius_mutabilis,subadult,8,7.279457173,male,HEW36,29.6.2010,0,0,0,0,0,0,0,0,NA,NA,NA,NA,NA,NA,,
3988,Lithobiomorpha,Lithobiidae,Lithobius_mutabilis,adult,11,15.27726276,female,HEW36,29.6.2010,0,0,0,0,0,0,0,0,0,0,0,0,0,NA,,
3989,Lithobiomorpha,Lithobiidae,Lithobius_sp,subadult,5,2.437475925,NA,HEW36,29.6.2010,0,0,0,0,0,0,0,1,0,0,0,0,0,NA,,
3990,Lithobiomorpha,Lithobiidae,Lithobius_mutabilis,adult,12,18.70730693,female,HEW36,29.6.2010,0,0,0,0,0,0,0,0,NA,NA,NA,NA,NA,NA,,
3991,Lithobiomorpha,Lithobiidae,Lithobius_crassipes,adult,8,7.279457173,male,HEW36,29.6.2010,0,0,0,0,0,0,0,0,NA,NA,NA,NA,NA,NA,,
3992,Lithobiomorpha,Lithobiidae,Lithobius_sp,subadult,5,2.437475925,NA,HEW36,29.6.2010,1,1,0,0,0,0,0,1,0,0,0,0,0,NA,,
3993,Lithobiomorpha,Lithobiidae,Lithobius_crassipes,adult,7,5.334614259,male,HEW36,29.6.2010,0,0,0,0,0,1,0,0,NA,NA,NA,NA,NA,NA,,
3994,Lithobiomorpha,Lithobiidae,Lithobius_mutabilis,subadult,9,9.575773902,male,HEW36,29.6.2010,0,0,0,1,0,0,0,0,NA,NA,NA,NA,NA,NA,,
3995,Lithobiomorpha,Lithobiidae,Lithobius_mutabilis,adult,10,12.23742378,male,HEW36,29.6.2010,0,0,0,0,0,1,0,0,NA,NA,NA,NA,NA,NA,,
3996,Lithobiomorpha,Lithobiidae,Lithobius_crassipes,adult,8,7.279457173,male,HEW36,29.6.2010,0,0,0,0,0,0,0,0,NA,NA,NA,NA,NA,NA,,
3997,Lithobiomorpha,Lithobiidae,Lithobius_crassipes,adult,6,3.72616092,male,HEW36,29.6.2010,0,0,0,0,0,0,0,1,0,0,0,0,0,NA,,
3998,Lithobiomorpha,Lithobiidae,Lithobius_mutabilis,adult,13,22.53885726,male,HEW36,29.6.2010,0,0,0,0,0,0,0,0,NA,NA,NA,NA,NA,NA,,
3999,Lithobiomorpha,Lithobiidae,Lithobius_crassipes,adult,7,5.334614259,male,HEW36,29.6.2010,0,0,0,0,0,0,0,0,NA,NA,NA,NA,NA,NA,,
4000,Lithobiomorpha,Lithobiidae,Lithobius_crassipes,adult,7,5.334614259,male,HEW36,29.6.2010,0,0,0,0,0,0,0,0,NA,NA,NA,NA,NA,NA,,
4001,Lithobiomorpha,Lithobiidae,Lithobius_crassipes,adult,9,9.575773902,male,HEW36,29.6.2010,0,0,0,0,0,0,0,0,NA,NA,NA,NA,NA,NA,,
4002,Lithobiomorpha,Lithobiidae,Lithobius_sp,subadult,5,2.437475925,NA,HEW36,29.6.2010,0,0,0,0,0,0,0,0,NA,NA,NA,NA,NA,NA,,
4003,Lithobiomorpha,Lithobiidae,Lithobius_sp,subadult,5,2.437475925,NA,HEW36,29.6.2010,0,0,0,1,0,0,0,0,NA,NA,NA,NA,NA,NA,,
4004,Lithobiomorpha,Lithobiidae,Lithobius_sp,subadult,5,2.437475925,NA,HEW36,29.6.2010,0,0,0,0,0,0,0,0,NA,NA,NA,NA,NA,NA,,
4060,Lithobiomorpha,Lithobiidae,Lithobius_sp,subadult,4,1.44993766,NA,HEW10,8.7.2010,0,0,0,0,0,0,0,1,0,1,0,0,0,NA,,
4061,Lithobiomorpha,Lithobiidae,Lithobius_sp,subadult,6,3.72616092,NA,HEW10,8.7.2010,0,0,0,0,0,0,0,0,NA,NA,NA,NA,NA,NA,,
4062,Lithobiomorpha,Lithobiidae,Lithobius_crassipes,adult,8,7.279457173,female,HEW10,8.7.2010,0,0,0,0,0,0,0,0,NA,NA,NA,NA,NA,NA,,
4063,Lithobiomorpha,Lithobiidae,Lithobius_sp,subadult,4,1.44993766,NA,HEW10,8.7.2010,0,0,0,0,0,0,0,0,NA,NA,NA,NA,NA,NA,,
4064,Lithobiomorpha,Lithobiidae,Lithobius_sp,subadult,4,1.44993766,NA,HEW10,8.7.2010,0,0,0,0,0,0,0,1,0,0,0,0,0,NA,,
4065,Lithobiomorpha,Lithobiidae,Lithobius_crassipes,adult,8,7.279457173,male,HEW10,8.7.2010,0,0,0,0,0,0,0,1,0,0,0,0,0,NA,,
4066,Lithobiomorpha,Lithobiidae,Lithobius_sp,subadult,5,2.437475925,NA,HEW10,8.7.2010,0,0,0,0,0,0,0,1,NA,NA,NA,NA,NA,NA,,
4067,Lithobiomorpha,Lithobiidae,Lithobius_sp,subadult,4,1.44993766,NA,HEW10,8.7.2010,0,0,0,0,0,0,0,0,NA,NA,NA,NA,NA,NA,,
4068,Lithobiomorpha,Lithobiidae,Lithobius_mutabilis,adult,15,31.4486695,female,HEW10,8.7.2010,0,1,0,0,0,0,1,0,NA,NA,NA,NA,NA,NA,,
4069,Lithobiomorpha,Lithobiidae,Lithobius_sp,subadult,5,2.437475925,NA,HEW10,8.7.2010,0,0,0,0,0,0,0,1,NA,NA,NA,NA,NA,NA,,
4071,Lithobiomorpha,Lithobiidae,Lithobius_mutabilis,adult,11,15.27726276,female,HEW10,8.7.2010,0,0,0,0,0,0,0,0,NA,NA,NA,NA,NA,NA,,
4072,Lithobiomorpha,Lithobiidae,Lithobius_muticus,adult,10,12.23742378,male,HEW10,8.7.2010,0,0,0,0,0,0,0,1,0,1,0,0,0,NA,,
4074,Lithobiomorpha,Lithobiidae,Lithobius_sp,subadult,4,1.44993766,NA,HEW10,8.7.2010,0,0,0,0,0,0,0,0,NA,NA,NA,NA,NA,NA,,
4075,Lithobiomorpha,Lithobiidae,Lithobius_mutabilis,adult,10,12.23742378,female,HEW10,8.7.2010,0,1,1,0,0,0,0,0,NA,NA,NA,NA,NA,NA,,
4076,Lithobiomorpha,Lithobiidae,Lithobius_mutabilis,adult,10,12.23742378,female,HEW10,8.7.2010,0,1,0,0,0,0,0,0,NA,NA,NA,NA,NA,NA,,
4077,Lithobiomorpha,Lithobiidae,Lithobius_mutabilis,adult,10,12.23742378,male,HEW10,8.7.2010,0,0,1,0,0,0,0,0,NA,NA,NA,NA,NA,NA,,
4078,Lithobiomorpha,Lithobiidae,Lithobius_sp,subadult,4,1.44993766,NA,HEW10,8.7.2010,0,0,0,0,0,0,0,0,NA,NA,NA,NA,NA,NA,,
4079,Lithobiomorpha,Lithobiidae,Lithobius_mutabilis,adult,10,12.23742378,male,HEW10,8.7.2010,0,1,0,0,0,0,0,0,NA,NA,NA,NA,NA,NA,,
4100,Lithobiomorpha,Lithobiidae,Lithobius_mutabilis,subadult,7,5.334614259,female,HEW11,8.7.2010,0,0,0,0,0,0,0,0,NA,NA,NA,NA,NA,NA,,
4101,Lithobiomorpha,Lithobiidae,Lithobius_crassipes,adult,6,3.72616092,male,HEW11,8.7.2010,0,0,0,0,0,0,0,1,NA,NA,NA,NA,NA,NA,,
4102,Lithobiomorpha,Lithobiidae,Lithobius_mutabilis,subadult,8,7.279457173,male,HEW11,8.7.2010,0,0,0,0,0,0,0,0,NA,NA,NA,NA,NA,NA,,
4103,Lithobiomorpha,Lithobiidae,Lithobius_sp,subadult,4,1.44993766,NA,HEW11,8.7.2010,0,0,0,0,0,0,0,0,NA,NA,NA,NA,NA,NA,,
4104,Lithobiomorpha,Lithobiidae,Lithobius_dentatus,adult,15,31.4486695,male,HEW11,8.7.2010,0,0,0,0,1,0,0,1,0,0,0,0,0,NA,,
4105,Lithobiomorpha,Lithobiidae,Lithobius_mutabilis,adult,10,12.23742378,female,HEW11,8.7.2010,0,0,0,0,0,0,0,0,NA,NA,NA,NA,NA,NA,,
4106,Lithobiomorpha,Lithobiidae,Lithobius_muticus,adult,11,15.27726276,female,HEW11,8.7.2010,0,0,0,0,0,0,0,0,NA,NA,NA,NA,NA,NA,,
4107,Lithobiomorpha,Lithobiidae,Lithobius_dentatus,adult,15,31.4486695,female,HEW11,8.7.2010,0,0,0,0,0,0,0,1,0,0,0,0,0,NA,,
4108,Lithobiomorpha,Lithobiidae,Lithobius_mutabilis,adult,15,31.4486695,female,HEW11,8.7.2010,0,0,0,0,0,0,0,0,NA,NA,NA,NA,NA,NA,,
4109,Lithobiomorpha,Lithobiidae,Lithobius_sp,subadult,4,1.44993766,NA,HEW11,8.7.2010,0,0,0,0,0,0,0,0,NA,NA,NA,NA,NA,NA,,
4110,Lithobiomorpha,Lithobiidae,Lithobius_sp,subadult,4,1.44993766,NA,HEW11,8.7.2010,0,0,0,0,0,0,0,0,NA,NA,NA,NA,NA,NA,,
4111,Lithobiomorpha,Lithobiidae,Lithobius_crassipes,adult,6,3.72616092,male,HEW11,8.7.2010,0,0,0,0,0,0,0,0,NA,NA,NA,NA,NA,NA,,
4113,Lithobiomorpha,Lithobiidae,Lithobius_mutabilis,adult,12,18.70730693,male,HEW11,8.7.2010,0,1,0,0,0,0,0,0,NA,NA,NA,NA,NA,NA,,
4114,Lithobiomorpha,Lithobiidae,Lithobius_muticus,adult,11,15.27726276,female,HEW11,8.7.2010,0,1,0,0,0,0,0,1,0,0,0,0,0,NA,,
4115,Lithobiomorpha,Lithobiidae,Lithobius_muticus,adult,12,18.70730693,female,HEW11,8.7.2010,0,1,0,0,0,0,0,1,0,0,0,0,0,NA,,
4117,Lithobiomorpha,Lithobiidae,Lithobius_mutabilis,adult,11,15.27726276,female,HEW11,8.7.2010,0,1,0,0,0,0,0,0,NA,NA,NA,NA,NA,NA,,
4118,Lithobiomorpha,Lithobiidae,Lithobius_muticus,adult,11,15.27726276,female,HEW11,8.7.2010,0,1,0,0,0,0,0,0,NA,NA,NA,NA,NA,NA,,
4120,Lithobiomorpha,Lithobiidae,Lithobius_mutabilis,adult,12,18.70730693,female,HEW11,8.7.2010,0,1,0,0,0,0,0,0,NA,NA,NA,NA,NA,NA,,
4166,Lithobiomorpha,Lithobiidae,Lithobius_crassipes,adult,9,9.575773902,male,HEW12,8.7.2010,0,0,0,0,0,0,0,0,NA,NA,NA,NA,NA,NA,,
4167,Lithobiomorpha,Lithobiidae,Lithobius_sp,subadult,4,1.44993766,NA,HEW12,8.7.2010,0,1,0,0,0,0,0,0,NA,NA,NA,NA,NA,NA,,
4169,Lithobiomorpha,Lithobiidae,Lithobius_mutabilis,adult,12,18.70730693,female,HEW12,8.7.2010,0,0,0,0,0,0,0,0,NA,NA,NA,NA,NA,NA,,
4170,Lithobiomorpha,Lithobiidae,Lithobius_sp,subadult,5,2.437475925,NA,HEW12,8.7.2010,0,0,0,0,0,0,0,0,NA,NA,NA,NA,NA,NA,,
4171,Lithobiomorpha,Lithobiidae,Lithobius_mutabilis,adult,10,12.23742378,male,HEW12,8.7.2010,0,0,0,0,0,0,0,0,NA,NA,NA,NA,NA,NA,,
4172,Lithobiomorpha,Lithobiidae,Lithobius_sp,subadult,4,1.44993766,NA,HEW12,8.7.2010,0,0,0,0,0,0,0,0,NA,NA,NA,NA,NA,NA,,
4173,Lithobiomorpha,Lithobiidae,Lithobius_crassipes,adult,6,3.72616092,male,HEW12,8.7.2010,0,0,0,0,0,0,0,0,NA,NA,NA,NA,NA,NA,,
4174,Lithobiomorpha,Lithobiidae,Lithobius_sp,subadult,4,1.44993766,NA,HEW12,8.7.2010,0,0,0,0,0,0,0,0,NA,NA,NA,NA,NA,NA,,
4175,Lithobiomorpha,Lithobiidae,Lithobius_muticus,subadult,6,3.72616092,male,HEW12,8.7.2010,0,0,0,0,1,0,0,0,NA,NA,NA,NA,NA,NA,,
4178,Lithobiomorpha,Lithobiidae,Lithobius_sp,subadult,5,2.437475925,NA,HEW12,8.7.2010,0,0,0,0,0,0,0,0,NA,NA,NA,NA,NA,NA,,
4179,Lithobiomorpha,Lithobiidae,Lithobius_sp,subadult,5,2.437475925,NA,HEW12,8.7.2010,0,0,0,0,0,0,0,0,NA,NA,NA,NA,NA,NA,,
4182,Lithobiomorpha,Lithobiidae,Lithobius_sp,subadult,4,1.44993766,NA,HEW12,8.7.2010,0,0,0,0,0,0,0,0,NA,NA,NA,NA,NA,NA,,
4183,Lithobiomorpha,Lithobiidae,Lithobius_sp,subadult,4,1.44993766,NA,HEW12,8.7.2010,0,0,0,0,0,0,0,1,0,0,0,0,0,NA,,
4184,Lithobiomorpha,Lithobiidae,Lithobius_sp,subadult,4,1.44993766,NA,HEW12,8.7.2010,0,0,0,0,0,0,0,0,NA,NA,NA,NA,NA,NA,,
4185,Lithobiomorpha,Lithobiidae,Lithobius_mutabilis,adult,11,15.27726276,male,HEW12,8.7.2010,0,0,0,0,0,0,0,0,NA,NA,NA,NA,NA,NA,,
4226,Lithobiomorpha,Lithobiidae,Lithobius_sp,subadult,5,2.437475925,NA,HEW36,8.7.2010,0,0,0,0,1,0,0,0,NA,NA,NA,NA,NA,NA,,
4227,Lithobiomorpha,Lithobiidae,Lithobius_sp,subadult,5,2.437475925,NA,HEW36,8.7.2010,0,0,0,0,0,0,0,0,NA,NA,NA,NA,NA,NA,,
4229,Lithobiomorpha,Lithobiidae,Lithobius_mutabilis,subadult,6,3.72616092,female,HEW36,8.7.2010,0,0,0,0,1,0,0,1,0,0,0,0,0,NA,,
4230,Lithobiomorpha,Lithobiidae,Lithobius_sp,subadult,4,1.44993766,NA,HEW36,8.7.2010,0,0,0,0,0,0,0,0,NA,NA,NA,NA,NA,NA,,
4231,Lithobiomorpha,Lithobiidae,Lithobius_sp,subadult,4,1.44993766,NA,HEW36,8.7.2010,0,0,0,0,0,0,0,1,NA,NA,NA,NA,NA,NA,,
4232,Lithobiomorpha,Lithobiidae,Lithobius_aulacopus,adult,9,9.575773902,male,HEW36,8.7.2010,0,1,0,0,0,0,0,0,NA,NA,NA,NA,NA,NA,,
4233,Lithobiomorpha,Lithobiidae,Lithobius_mutabilis,adult,11,15.27726276,male,HEW36,8.7.2010,0,1,0,0,0,0,0,1,0,0,0,0,0,NA,,
4234,Lithobiomorpha,Lithobiidae,Lithobius_mutabilis,subadult,8,7.279457173,male,HEW36,8.7.2010,0,0,0,0,0,0,0,0,NA,NA,NA,NA,NA,NA,,
4235,Lithobiomorpha,Lithobiidae,Lithobius_mutabilis,adult,11,15.27726276,male,HEW36,8.7.2010,0,0,0,0,0,0,0,0,NA,NA,NA,NA,NA,NA,,
4236,Lithobiomorpha,Lithobiidae,Lithobius_mutabilis,adult,11,15.27726276,male,HEW36,8.7.2010,0,1,0,0,0,0,0,1,0,0,0,0,0,NA,,
4237,Lithobiomorpha,Lithobiidae,Lithobius_muticus,adult,13,22.53885726,male,HEW36,8.7.2010,0,0,0,0,0,0,0,1,NA,NA,NA,NA,NA,NA,,
4238,Lithobiomorpha,Lithobiidae,Lithobius_muticus,adult,11,15.27726276,male,HEW36,8.7.2010,0,1,0,0,0,0,1,0,NA,NA,NA,NA,NA,NA,,
4239,Lithobiomorpha,Lithobiidae,Lithobius_mutabilis,adult,11,15.27726276,male,HEW36,8.7.2010,0,0,0,0,0,0,0,0,NA,NA,NA,NA,NA,NA,,
4240,Lithobiomorpha,Lithobiidae,Lithobius_muticus,adult,10,12.23742378,female,HEW36,8.7.2010,0,0,1,0,0,0,0,0,NA,NA,NA,NA,NA,NA,,
4241,Lithobiomorpha,Lithobiidae,Lithobius_piceus,adult,12,18.70730693,male,HEW36,8.7.2010,0,0,0,0,0,0,0,0,NA,NA,NA,NA,NA,NA,,
4242,Lithobiomorpha,Lithobiidae,Lithobius_mutabilis,adult,11,15.27726276,male,HEW36,8.7.2010,0,0,0,0,0,0,0,0,NA,NA,NA,NA,NA,NA,,
4243,Lithobiomorpha,Lithobiidae,Lithobius_mutabilis,adult,11,15.27726276,male,HEW36,8.7.2010,0,1,1,0,0,0,0,0,NA,NA,NA,NA,NA,NA,,
4244,Lithobiomorpha,Lithobiidae,Lithobius_mutabilis,adult,11,15.27726276,male,HEW36,8.7.2010,0,0,1,0,0,0,0,1,NA,NA,NA,NA,NA,NA,,
4245,Lithobiomorpha,Lithobiidae,Lithobius_mutabilis,subadult,8,7.279457173,male,HEW36,8.7.2010,0,0,0,0,0,0,0,1,NA,NA,NA,NA,NA,NA,,
4246,Lithobiomorpha,Lithobiidae,Lithobius_mutabilis,adult,11,15.27726276,male,HEW36,8.7.2010,0,0,0,1,0,0,0,1,0,0,0,0,0,NA,,
3566,Geophilomorpha,Geophilidae,Geophilus_sp,NA,15,6.699565591,NA,HEW10,24.6.2010,0,0,0,0,0,0,0,0,NA,NA,NA,NA,NA,0,,
2611,Geophilomorpha,Schendylidae,Schendyla_nemorensis,NA,15,6.699565591,NA,HEW10,28.10.2009,0,1,0,0,0,0,0,0,NA,NA,NA,NA,NA,0,,
3564,Geophilomorpha,Linotaeniidae,Strigamia_acuminata,NA,13,5.498085675,NA,HEW10,24.6.2010,0,0,0,0,0,0,0,0,NA,NA,NA,NA,NA,0,,
3565,Geophilomorpha,Linotaeniidae,Strigamia_acuminata,NA,13,5.498085675,NA,HEW10,24.6.2010,0,0,1,0,0,1,1,0,NA,NA,NA,NA,NA,0,,
4052,Geophilomorpha,Linotaeniidae,Strigamia_acuminata,NA,14,6.118284492,NA,HEW10,8.7.2010,0,0,0,0,0,0,0,1,0,0,0,0,0,0,,
3184,Geophilomorpha,Linotaeniidae,Strigamia_acuminata,NA,15,6.699565591,NA,HEW10,15.6.2010,0,1,0,0,0,0,0,0,0,0,0,0,0,0,,
3185,Geophilomorpha,Linotaeniidae,Strigamia_acuminata,NA,16,7.246454761,NA,HEW10,15.6.2010,0,1,1,1,0,0,1,0,NA,NA,NA,NA,NA,0,,
1913,Geophilomorpha,Linotaeniidae,Strigamia_acuminata,NA,16.5,7.508215918,NA,HEW10,8.10.2009,0,0,0,0,0,0,0,1,0,0,0,0,0,0,,
4051,Geophilomorpha,Linotaeniidae,Strigamia_acuminata,NA,21,9.579935152,NA,HEW10,8.7.2010,0,1,0,0,1,0,0,1,0,1,0,0,0,0,,
2996,Geophilomorpha,Linotaeniidae,Strigamia_acuminata,NA,24,10.74082649,NA,HEW10,3.11.2009,0,0,0,0,1,1,0,0,NA,NA,NA,NA,NA,0,,
2997,Geophilomorpha,Linotaeniidae,Strigamia_acuminata,NA,24,10.74082649,NA,HEW10,3.11.2009,0,1,0,0,1,0,0,0,NA,NA,NA,NA,NA,0,,
3567,Geophilomorpha,Linotaeniidae,Strigamia_acuminata,NA,24,10.74082649,NA,HEW10,24.6.2010,0,0,0,0,0,0,0,1,0,0,0,0,0,0,,
3299,Geophilomorpha,Schendylidae,Schendyla_nemorensis,NA,9,2.503053925,NA,HEW11,15.6.2010,0,0,0,0,0,0,0,0,NA,NA,NA,NA,NA,0,,
3298,Geophilomorpha,Schendylidae,Schendyla_nemorensis,NA,14,6.118284492,NA,HEW11,15.6.2010,0,1,0,0,0,0,0,0,NA,NA,NA,NA,NA,0,,
1965,Geophilomorpha,Schendylidae,Schendyla_nemorensis,NA,18,8.251697412,NA,HEW11,8.10.2009,0,0,0,0,1,0,0,0,NA,NA,NA,NA,NA,0,,
1963,Geophilomorpha,Linotaeniidae,Strigamia_acuminata,NA,11,4.118213498,NA,HEW11,8.10.2009,0,0,0,0,0,0,0,0,NA,NA,NA,NA,NA,0,,
3302,Geophilomorpha,Linotaeniidae,Strigamia_acuminata,NA,11,4.118213498,NA,HEW11,15.6.2010,0,0,0,0,0,0,1,0,NA,NA,NA,NA,NA,0,,
1959,Geophilomorpha,Linotaeniidae,Strigamia_acuminata,NA,13,5.498085675,NA,HEW11,8.10.2009,1,0,0,0,0,0,0,0,NA,NA,NA,NA,NA,0,,
2646,Geophilomorpha,Linotaeniidae,Strigamia_acuminata,NA,14,6.118284492,NA,HEW11,28.10.2009,0,0,0,0,0,0,0,0,0,0,0,0,0,0,,
3869,Geophilomorpha,Linotaeniidae,Strigamia_acuminata,NA,14,6.118284492,NA,HEW11,29.6.2010,0,0,0,0,0,0,0,0,NA,NA,NA,NA,NA,0,,
3870,Geophilomorpha,Linotaeniidae,Strigamia_acuminata,NA,15,6.699565591,NA,HEW11,29.6.2010,0,0,0,0,0,0,0,0,NA,NA,NA,NA,NA,0,,
3300,Geophilomorpha,Linotaeniidae,Strigamia_acuminata,NA,16,7.246454761,NA,HEW11,15.6.2010,0,0,0,0,1,0,0,0,NA,NA,NA,NA,NA,0,,
3301,Geophilomorpha,Linotaeniidae,Strigamia_acuminata,NA,16,7.246454761,NA,HEW11,15.6.2010,0,0,0,1,0,0,1,1,0,0,0,0,0,0,,
3637,Geophilomorpha,Linotaeniidae,Strigamia_acuminata,NA,16,7.246454761,NA,HEW11,24.6.2010,0,1,1,0,0,0,1,0,NA,NA,NA,NA,NA,0,,
3868,Geophilomorpha,Linotaeniidae,Strigamia_acuminata,NA,16,7.246454761,NA,HEW11,29.6.2010,0,0,0,0,0,0,0,0,NA,NA,NA,NA,NA,0,,
2647,Geophilomorpha,Linotaeniidae,Strigamia_acuminata,NA,20,9.158087083,NA,HEW11,28.10.2009,0,0,0,0,1,0,0,0,0,0,0,0,0,0,,
4091,Geophilomorpha,Linotaeniidae,Strigamia_acuminata,NA,22,9.983338159,NA,HEW11,8.7.2010,0,1,0,0,0,0,0,0,NA,NA,NA,NA,NA,0,,
1958,Geophilomorpha,Linotaeniidae,Strigamia_acuminata,NA,25,11.09748202,NA,HEW11,8.10.2009,0,0,0,1,0,0,0,0,NA,NA,NA,NA,NA,0,,
2358,Geophilomorpha,Linotaeniidae,Strigamia_acuminata,NA,26,11.44088486,NA,HEW11,20.10.2009,1,0,0,0,0,0,1,0,NA,NA,NA,NA,NA,0,,
1964,Geophilomorpha,Linotaeniidae,Strigamia_acuminata,NA,30,12.69966289,NA,HEW11,8.10.2009,0,0,0,0,0,0,0,1,0,0,0,0,0,0,,
3303,Geophilomorpha,Linotaeniidae,Strigamia_acuminata,NA,30,12.69966289,NA,HEW11,15.6.2010,0,0,0,0,0,0,1,0,NA,NA,NA,NA,NA,0,,
1962,Geophilomorpha,Linotaeniidae,Strigamia_acuminata,NA,47,16.70144631,NA,HEW11,8.10.2009,0,0,1,0,0,1,0,0,NA,NA,NA,NA,NA,0,,
3325,Geophilomorpha,Geophilidae,Geophilus_sp,NA,35,14.06520796,NA,HEW12,15.6.2010,0,0,0,0,0,0,0,0,NA,NA,NA,NA,NA,0,,
3324,Geophilomorpha,Geophilidae,Geophilus_sp,NA,44,16.10897833,NA,HEW12,15.6.2010,0,0,0,0,1,0,0,0,0,0,0,0,0,0,,
3670,Geophilomorpha,Schendylidae,Schendyla_nemorensis,NA,8,1.585562302,NA,HEW12,24.6.2010,0,0,0,0,0,0,0,0,NA,NA,NA,NA,NA,0,,
2754,Geophilomorpha,Schendylidae,Schendyla_nemorensis,NA,9,2.503053925,NA,HEW12,28.10.2009,0,0,0,0,0,0,0,0,NA,NA,NA,NA,NA,0,,
3669,Geophilomorpha,Linotaeniidae,Strigamia_acuminata,NA,10,3.344336576,NA,HEW12,24.6.2010,0,0,0,0,0,0,0,0,NA,NA,NA,NA,NA,0,,
4148,Geophilomorpha,Linotaeniidae,Strigamia_acuminata,NA,11,4.118213498,NA,HEW12,8.7.2010,1,0,0,0,0,0,0,1,0,0,0,0,0,0,,
2753,Geophilomorpha,Linotaeniidae,Strigamia_acuminata,NA,14,6.118284492,NA,HEW12,28.10.2009,0,0,0,0,0,0,0,1,0,0,0,0,0,0,,
2059,Geophilomorpha,Linotaeniidae,Strigamia_acuminata,NA,20,9.158087083,NA,HEW12,8.10.2009,0,0,0,0,1,0,0,0,NA,NA,NA,NA,NA,0,,
2426,Geophilomorpha,Linotaeniidae,Strigamia_acuminata,NA,22,9.983338159,NA,HEW12,20.10.2009,1,0,0,0,0,0,0,0,NA,NA,NA,NA,NA,0,,
2058,Geophilomorpha,Linotaeniidae,Strigamia_acuminata,NA,23,10.3698472,NA,HEW12,8.10.2009,0,0,0,0,0,0,0,1,0,0,0,0,0,0,,
3671,Geophilomorpha,Linotaeniidae,Strigamia_acuminata,NA,23,10.3698472,NA,HEW12,24.6.2010,0,1,0,0,0,0,0,0,NA,NA,NA,NA,NA,0,,
2060,Geophilomorpha,Linotaeniidae,Strigamia_acuminata,NA,24,10.74082649,NA,HEW12,8.10.2009,0,0,0,0,0,0,0,1,0,0,0,0,0,0,,
3088,Geophilomorpha,Linotaeniidae,Strigamia_acuminata,NA,24,10.74082649,NA,HEW12,3.11.2009,0,1,0,0,1,0,0,0,NA,NA,NA,NA,NA,0,,
2427,Geophilomorpha,Linotaeniidae,Strigamia_acuminata,NA,25,11.09748202,NA,HEW12,20.10.2009,1,0,0,1,0,0,0,0,NA,NA,NA,NA,NA,0,,
3326,Geophilomorpha,Linotaeniidae,Strigamia_acuminata,NA,35,14.06520796,NA,HEW12,15.6.2010,0,0,0,0,0,0,0,0,NA,NA,NA,NA,NA,0,,
2057,Geophilomorpha,Linotaeniidae,Strigamia_acuminata,NA,37,14.559746,NA,HEW12,8.10.2009,0,0,0,0,0,0,0,0,NA,NA,NA,NA,NA,0,,
3765,Geophilomorpha,Geophilidae,Geophilus_sp,NA,11,4.118213498,NA,HEW36,24.6.2010,0,0,0,0,1,0,0,1,0,1,0,0,0,0,,
2489,Geophilomorpha,Schendylidae,Schendyla_nemorensis,NA,12,4.833557215,NA,HEW36,20.10.2009,0,0,0,0,0,0,0,0,NA,NA,NA,NA,NA,0,,
3763,Geophilomorpha,Schendylidae,Schendyla_nemorensis,NA,14,6.118284492,NA,HEW36,24.6.2010,0,1,0,0,0,0,0,0,NA,NA,NA,NA,NA,0,,
3764,Geophilomorpha,Schendylidae,Schendyla_nemorensis,NA,15,6.699565591,NA,HEW36,24.6.2010,0,1,0,0,0,0,0,0,NA,NA,NA,NA,NA,0,,
4208,Geophilomorpha,Linotaeniidae,Strigamia_acuminata,NA,8,1.585562302,NA,HEW36,8.7.2010,0,0,0,0,0,0,0,0,0,0,0,0,0,0,,
2173,Geophilomorpha,Linotaeniidae,Strigamia_acuminata,NA,11,4.118213498,NA,HEW36,8.10.2009,0,0,0,0,0,0,0,0,0,0,0,0,0,0,,
4210,Geophilomorpha,Linotaeniidae,Strigamia_acuminata,NA,12,4.833557215,NA,HEW36,8.7.2010,0,0,0,0,0,0,0,0,0,0,0,0,0,0,,
4209,Geophilomorpha,Linotaeniidae,Strigamia_acuminata,NA,13,5.498085675,NA,HEW36,8.7.2010,0,1,0,0,0,0,0,0,0,0,0,0,0,0,,
2488,Geophilomorpha,Linotaeniidae,Strigamia_acuminata,NA,14,6.118284492,NA,HEW36,20.10.2009,0,0,0,0,0,0,0,0,NA,NA,NA,NA,NA,0,,
3499,Geophilomorpha,Linotaeniidae,Strigamia_acuminata,NA,15,6.699565591,NA,HEW36,15.6.2010,0,0,0,0,0,0,1,0,NA,NA,NA,NA,NA,0,,
3980,Geophilomorpha,Linotaeniidae,Strigamia_acuminata,NA,15,6.699565591,NA,HEW36,29.6.2010,0,0,0,0,1,0,0,0,0,0,0,0,0,0,,
4211,Geophilomorpha,Linotaeniidae,Strigamia_acuminata,NA,16,7.246454761,NA,HEW36,8.7.2010,0,0,0,0,0,0,0,0,0,0,0,0,0,0,,
2874,Geophilomorpha,Linotaeniidae,Strigamia_acuminata,NA,17,7.762757923,NA,HEW36,28.10.2009,0,0,0,0,0,0,0,1,0,0,1,0,0,0,,
3979,Geophilomorpha,Linotaeniidae,Strigamia_acuminata,NA,20,9.158087083,NA,HEW36,29.6.2010,0,0,0,0,0,0,1,0,0,0,0,0,0,0,,
2873,Geophilomorpha,Linotaeniidae,Strigamia_acuminata,NA,24,10.74082649,NA,HEW36,28.10.2009,1,0,0,0,0,0,0,0,NA,NA,NA,NA,NA,0,,
2174,Geophilomorpha,Linotaeniidae,Strigamia_acuminata,NA,25,11.09748202,NA,HEW36,8.10.2009,0,0,0,0,0,0,0,1,0,0,0,0,0,0,,
3136,Geophilomorpha,Linotaeniidae,Strigamia_acuminata,NA,26,11.44088486,NA,HEW36,3.11.2009,0,1,0,0,0,0,0,1,0,0,0,0,0,0,,
